a1,a2,a3,a4,a5,a6,a7,a8,a9,a10,a11,a12,a13,a14,a15,a16,a17,a18,a19,a20,a21,a22,a23,a24,a25,a26,a27,a28,a29,a30,a31,a32,a33,a34,a35,a36,a37,a38,a39,a40,a41,a42,a43,a44,a45,a46,a47,a48,a49,a50,a51,a52,a53,a54,a55,a56,a57,a58,a59,a60,a61,a62,a63,a64,a65,a66,a67,a68,a69,a70,a71,a72,a73,a74,a75,a76,a77,a78,a79,a80,a81,a82,a83,a84,a85,class
0.86,0.58,0.13,-0.47,0.35,0.23,-0.45,0.56,-0.42,0.42,0.45,-4.12,0.19,-0.01,-0.6,-0.57,-0.03,0.06,-0.61,-0.41,-0.13,-0.14,1.31,0.84,0.64,-0.45,-0.19,0.62,0.22,0.03,-1.18,0.84,0.67,-0.11,-1.33,0.34,0.06,-0.73,1.81,-1.82,-0.88,1.35,-1.28,0.75,-0.29,-1.79,-1.34,-0.1,-0.58,-0.69,0.39,1.42,0.83,0.41,0.37,0.04,0.16,-0.73,-0.78,-0.07,0.2,0.5,0.12,-1.3,-0.73,0.7,0.17,2.82,-0.53,-0.88,-0.24,-0.01,0.68,-0.08,-0.15,0.58,0.99,0.26,0.37,-0.23,-0.52,-0.37,0.27,1.47,0.18,1
-0.6,0.46,0.08,0.4,0.53,0.48,0.87,-0.09,-0.61,0.95,-0.05,-1.35,0.29,-0.02,-0.19,0.19,0.38,0.17,0.09,-0.2,-0.41,-0.71,0.09,1.94,0.25,0.18,-0.52,-0.13,-0.52,0.06,-0.27,0.59,0.07,-0.31,-0.24,-0.06,-0.34,-0.08,-0.28,0.27,-0.23,-0.67,0.98,0.66,-1,-0.2,-0.39,0.3,0.26,0.01,0.04,0.83,0.06,0.02,-0.58,0.17,0.06,-0.29,0.16,-0.15,0.46,-0.2,-0.04,-0.97,-0.37,-0.38,0.6,-0.61,0.03,0.38,0.5,0.8,0.42,0.08,-0.23,-1.79,-0.35,-0.41,0.2,-0.16,-0.14,-0.33,-0.5,0.68,0.11,1
0.33,0.17,0.37,0.19,0.39,0.85,1.2,0.22,-0.34,1.09,0.56,-0.24,0.42,-0.36,-0.54,-0.11,0.73,0.08,0.33,1.47,0.66,0.51,0.76,1.79,-0.46,0.72,-0.52,1.26,0.68,0.65,0.45,-0.37,1.14,0.72,0.77,-0.32,0.12,0.52,0.65,0.36,0.6,0.73,0.07,-0.14,-0.52,-1.12,-0.3,-0.41,1.24,0.15,-0.09,1.6,0.52,-0.48,-2.32,-0.07,0.46,-0.77,0.66,-0.22,0.64,0.38,0.55,0.76,0.01,0.12,0.53,-0.37,-1.35,-1.81,1,-0.71,-1.47,-0.65,-0.38,0.11,-1.04,-0.32,-1.24,-0.77,-0.42,-0.1,-0.11,0.28,0.26,1
-1.87,-0.42,-1.75,0,-0.09,0.33,-0.07,0.22,-0.13,0.89,-1.13,-2.31,0.55,-2.62,-0.92,-0.19,-0.24,-0.17,-3.32,-0.13,-1.04,-0.66,0.59,-1.34,0.5,0.34,-0.17,0.2,-0.34,0,-0.39,-2.32,-0.49,-1.34,0.32,0.46,-0.9,-0.21,0.14,0.5,-0.21,-3.72,0.74,-0.05,-0.63,0.55,-0.36,0.05,0.45,0.14,-0.81,-1.01,-0.44,1.32,-0.75,-0.02,0.64,-1.41,-0.2,-0.38,-0.38,-0.09,-4.17,0.1,-0.46,-1.32,0.45,0.19,0.62,-0.11,-0.68,-0.36,4.12,0.07,-0.69,-0.72,-0.86,-0.89,-1.85,-0.08,0.64,-0.73,-0.72,0.75,-0.37,1
-2.64,-0.5,-0.82,0.65,0.75,-0.07,0.56,-1.01,-0.97,0.32,-1.24,0.09,-0.71,-2.78,-0.78,-0.34,-0.16,-0.59,0.91,-0.03,0.61,0.3,-0.55,0.37,-0.67,0.69,-0.44,0.02,-1.27,-0.42,-0.44,1.26,1.12,-0.54,-0.45,-0.82,-0.89,-1.55,0.36,0.7,-0.16,-0.74,0.34,0.79,-1.03,1.33,-1.36,-0.73,1.1,0.4,-0.03,-0.76,0.5,0.28,0.3,-0.26,-1.77,-0.6,-0.46,-0.13,-0.37,1.52,-0.38,0.71,0.55,-0.06,-0.3,-0.31,-1.21,-1.78,-0.69,0.36,2.06,-0.25,-0.71,-0.03,-0.44,0.03,-1.5,-0.79,-0.83,-0.02,0.49,1.25,0.29,1
-0.16,0.75,0.87,0.45,1.13,0.07,0.91,0.15,0.02,0.18,-0.73,-1.67,0.35,0.08,0.33,0.01,-0.17,0.62,0.12,0.74,-1.1,0.7,-0.25,-1.2,-0.2,0.01,0.8,-0.17,0.63,0.5,0.39,0.09,1.43,1.72,0,0.19,0.22,0.63,0.45,0.59,0.48,0.32,1.58,0.34,-0.57,-0.16,0.12,0.31,0.06,0.36,-0.06,0.2,-0.12,-0.56,0.54,0.09,0.44,0.19,-0.67,-0.42,0.05,1.21,0,0.14,-0.18,-0.08,0.72,-0.23,0.24,-0.16,-0.41,-0.2,-1.27,0.09,-0.37,-0.73,-0.47,0.01,0.01,0.45,0.13,0.48,-0.29,0.17,-0.38,1
0.24,-0.57,0.75,0.05,0.92,0.17,0.66,0.72,-0.81,-0.2,-1.02,-0.66,0.41,-0.32,0.25,0.56,-0.04,-0.23,0.28,-0.17,0.31,0.34,-0.61,2.24,0.12,0.62,0.75,-0.97,-0.05,0.74,-0.22,1.09,-0.29,0.11,-0.44,-0.22,-0.22,0.32,-0.39,-0.03,-0.91,0.09,0.72,-0.57,-0.47,-1.3,0,0.88,0.17,0.08,-0.22,0.46,0.29,-0.22,0.59,0.04,-0.02,1.32,0,1.16,0.12,0.64,-0.06,-0.07,0.35,0.8,-0.48,0.04,0.77,1.28,0.58,-0.51,0.66,-0.14,-0.34,0.88,0.06,1.12,0.68,-0.34,-0.24,-0.22,-0.76,0.4,0.17,1
-0.15,-0.6,-0.16,1.65,-0.05,-0.06,-0.1,1.33,0.27,0.07,-0.45,1.24,-0.21,-0.23,0.83,0.66,0.41,-0.42,-0.21,1.48,0.78,-0.65,0.7,1.44,0.52,0.04,0.01,-0.48,0.28,0.4,0.11,0.48,1.14,0.25,0.13,-0.25,0.26,0.08,0.02,-0.17,-0.14,0.48,0.28,-0.34,0.31,-0.77,0.11,0.4,-0.36,0.19,0.33,0.54,0.41,-0.68,0.33,0.71,0.93,-0.16,0.17,0.24,0.84,1.26,0.26,0.38,0.66,0.28,-1.23,0.12,-0.4,-0.05,0.06,0.06,0.1,0.11,-0.81,-0.12,0.28,0.15,0.59,0.54,0.4,-0.48,0.36,0.66,0.79,1
-1.5,-1.5,-0.74,-0.16,0.3,-0.61,0.16,0.05,-1.53,0,-1.42,-0.6,0.26,-1.65,-0.31,-0.97,0,-0.69,0,-1.6,0.23,0.58,-0.32,0,-0.48,1.22,0.41,0.05,0.01,0.74,0.78,-4.7,0.75,0.14,-0.28,-0.7,-0.65,-0.88,-0.64,-0.24,0.72,0.72,-0.56,0.3,0.44,-0.49,0,-0.47,0.41,0.75,0.56,0.15,0.74,0.59,-1.39,0.14,0.19,0.8,-0.63,-0.06,-2.33,-1.03,-1.23,-0.39,0.41,1.15,-0.95,-0.38,-0.72,0.4,-0.56,0.3,-0.09,0.32,-0.87,-1.24,-0.55,0.64,0.18,0.09,-0.03,0.37,-0.11,0.76,0.39,1
0.35,1.12,-1.57,1.18,0.17,-0.01,-1.35,-1.16,-0.55,-0.07,1.76,0.9,-1.31,-1.11,0,-0.92,-2.64,0.4,0.18,1.11,-0.2,0.38,-0.37,-0.2,2.79,0.9,-0.74,0.51,1.34,0.18,-0.09,-0.61,-2.05,0.62,-1.24,1.85,0.1,0.58,-0.38,0.22,3.43,-0.83,-3.55,-1.31,2.12,-0.54,2.12,-1.25,-1.66,-1.38,0.11,-4.03,-0.16,-1.49,0.16,0.57,2.05,-0.35,-1.1,0.56,0.07,-1.03,0.87,0.32,-0.19,-1.26,-0.71,-0.75,0.14,-0.12,0.03,-0.29,-1.25,-0.83,1.68,-0.18,-0.7,-0.68,3.27,-2.27,-1.42,-0.07,-0.58,-1.62,0.51,1
-0.2,-0.27,-0.52,-0.27,-0.1,1.04,0.53,-0.48,0.06,1.29,-1.03,-4.15,-0.65,-3.83,-0.82,0.22,1.08,0.27,0.56,0.32,0.55,-1.19,-0.5,-0.65,0.78,-0.45,-0.79,-1.03,-2.59,0.43,0.18,0.64,2.29,-0.1,0.63,-1.22,0.07,-0.27,-0.03,0.86,-1.2,0,-0.13,-0.41,-1.86,1.88,0,-1.69,-0.79,0.44,0.2,1.62,-0.13,1.71,1.11,0.42,-2.01,-1.11,-0.22,2.48,-1,0,-0.79,-3.1,-0.17,1.29,-1.13,0.36,-4.2,0,0.19,0.55,2.65,-0.5,-2.55,1.53,0.17,0.85,1.31,-1.02,0.32,-0.86,0.12,2.87,0.93,1
0.57,-1.33,0.08,-0.45,0.35,0.19,0.73,0.49,0.94,-0.96,1.07,1.91,-0.28,0.49,0.48,-0.06,0.77,0.51,0.41,-0.33,0.42,0.47,0.05,-0.53,-0.25,0.37,0.65,0.53,-0.15,0.51,0.75,-0.17,-0.67,0.03,0.22,0.64,-0.21,0.48,0.17,0.62,0.02,0.44,-0.59,0.3,0.17,-1.08,0.65,0.07,0.61,0.1,-0.16,0.08,-0.03,-1,0.26,0.15,-0.35,0.29,0.25,-0.06,0.19,-0.39,-0.09,0.41,0.22,0.08,0.83,0.05,0.29,0.72,-0.27,-0.47,-1.04,0.16,0.6,-0.42,0.17,-0.21,0.54,0.3,-0.09,1.47,0.25,-0.05,-0.05,2
-0.63,-0.19,0.69,-0.81,-0.06,-0.5,-0.25,0.31,-0.07,0,0.14,0.9,0.28,0.82,-0.44,-0.01,-0.55,-0.47,0.12,-0.79,-0.41,-0.28,0.35,0.09,-0.1,-0.78,-0.99,0,0.38,-0.3,-0.21,-0.18,-0.45,-0.02,-0.05,-0.25,-0.1,-0.29,-1.25,-0.45,-0.62,-0.54,0.35,-0.66,-0.36,0.83,-0.46,-0.04,-0.23,0,-0.28,-1.12,0.05,0,-0.31,-0.38,-0.68,0.96,0.73,0.29,-0.2,0.21,0.4,-0.33,0.07,-0.15,-0.3,-0.11,0.49,-0.05,0.38,-0.27,0.63,-0.26,1.56,-1.25,-0.03,0.45,-0.76,0.44,1.27,-0.85,-0.53,-0.34,-0.55,2
0.43,0.18,0.84,-0.48,-0.02,-0.39,0.24,0.26,0.66,-0.18,0.8,0.55,0.41,0.29,0.5,0.08,0.08,0.07,-0.06,-0.82,0.07,-0.02,0.04,-0.46,-0.55,-0.6,0.53,0.16,0.24,-0.05,-0.36,0.27,-0.31,-0.17,-0.28,0.26,-0.55,0.32,-0.05,0.01,-0.48,0.77,0.35,-0.12,-0.08,-2.35,0.66,0.17,0.17,-0.25,-0.07,-0.54,-0.03,-0.85,-0.15,-0.32,-0.33,0.34,0.19,0.03,0.2,0.11,-0.03,0.45,0.43,0.11,0.56,0.66,0.28,0.4,-0.16,-0.67,-0.08,0.19,0.69,0.85,0.1,0.04,0.44,0.6,1.46,-0.27,0.19,-0.2,-0.7,2
-0.67,-1.51,1.52,-0.27,0.17,-0.68,0.08,0.27,-0.19,0.42,-0.5,1.2,-0.33,0.38,0.74,0.87,-0.12,-0.01,0.48,-0.4,-0.24,-1.12,0.11,-0.58,-0.19,-0.26,0.16,0.08,0.9,-0.45,0.3,0.27,-0.16,-0.29,0.32,-0.47,0.03,0.32,-0.63,-0.48,-0.84,0.58,-0.14,-0.25,-0.22,-2.75,-0.22,0.19,-0.73,-0.4,0.02,-1.54,-0.25,0.11,-0.24,-0.3,-0.2,0.65,-0.46,0.02,0.38,0.94,-0.34,0.22,-0.11,-0.28,-0.21,-0.21,0.93,0.73,-0.42,-0.49,1.13,0.57,-0.25,-0.43,0.06,0.18,-0.01,0.3,0.62,0.36,-0.36,0.24,-0.7,2
0.74,0.99,0.45,-0.39,-0.04,-0.81,-0.38,-0.81,-0.53,0.51,0.7,0.47,0.12,0.4,0.36,-0.7,-0.18,-0.23,-0.25,-1.02,-0.51,-0.58,0.41,0.31,-0.15,-0.81,-0.25,-0.28,0.15,-0.35,0.04,0.01,0.04,-0.94,-2.5,0.29,1.36,0.01,2.93,-1,1.16,-0.22,-1.89,1.77,-0.46,-1.4,0.14,-0.44,0.18,-0.02,-0.79,-1.93,0.01,-1.33,-1.43,0.17,-0.68,-0.94,0.81,0.18,-0.47,0.86,-0.03,0.17,-0.13,-0.35,0.82,2.32,-0.87,-0.09,0.33,0.13,1.37,0.06,-0.24,0.27,0.92,-0.14,-0.54,0.29,0.58,-0.79,-0.68,-0.9,-0.62,2
0.61,-0.65,-0.19,-0.43,0.42,-0.44,-0.25,0.38,1,0.31,0.94,-0.48,-1.25,0.23,0.44,0.36,0.49,-0.12,1.27,-0.46,0.48,-0.23,1.21,-0.66,0.07,0.01,0.03,-0.38,-0.99,0.37,0.17,-0.75,0.06,-0.33,-0.32,-0.26,-1.69,-0.23,-1.51,0.01,-1.32,-0.6,1.5,-0.76,0.26,-0.23,-2.05,-0.24,0.86,-0.51,-0.09,0.01,0.32,0.25,0.37,0.3,-0.5,0.99,1.36,-0.03,-4.39,0.5,-0.75,0.11,1.05,1.05,0.01,0.75,0.1,-0.95,0.57,-0.7,-0.29,0,-0.05,-0.44,-0.07,0.87,0.47,0.13,0.42,-1.14,0.07,0.6,0.02,2
0.1,-0.27,-0.24,-0.06,0.06,-0.4,0,-0.07,0.49,-0.07,0.9,1.13,-1.37,0.39,-0.11,0,0.16,-0.58,1.63,-0.67,-0.05,-0.01,1.3,0.38,-0.79,-0.22,0.31,-0.86,-1.33,0.24,-0.42,-0.05,0.09,-0.74,-0.2,-0.07,-0.01,0.29,-0.35,-0.19,-0.79,-0.15,-1,-0.13,-0.31,1.45,-0.32,-0.31,0.35,-0.36,-0.41,-0.29,0.12,0.83,0.63,-0.48,-1.11,-0.54,0.32,0.24,-1.22,-0.48,-0.96,-0.7,0.37,0.91,-0.56,-0.17,-1.37,-0.49,0.22,-0.5,0.08,-1.17,-1,1.03,-0.14,-0.19,0.09,-0.44,-0.11,0.66,0.03,0.39,0.08,2
0.3,1.24,0.36,-0.35,0.97,0.92,0.16,-0.11,-0.25,-2,-1.91,-0.44,0.96,-0.35,0.36,-0.09,-0.31,0.37,0.31,-0.71,-0.66,0.54,-1.02,-0.77,0.15,0.21,1.18,-0.79,0.93,0.19,0.45,-0.96,1.08,-0.23,-1.97,-0.54,0,0.73,-0.71,0.64,0.06,0.44,0.88,0,-0.7,-0.76,-1.15,0.44,0.6,0.22,0.34,0.3,0.25,-0.28,0.09,0.65,-0.53,0.27,-0.07,0.05,0.44,0.85,0.2,-0.37,0.11,0.4,0.3,0.2,0.67,-1.14,0.73,0,0.63,0.32,-0.05,-0.44,-0.22,0.44,-0.14,0.47,-0.22,1.34,0.38,2.18,0.43,1
-1.18,0.82,-1.08,-0.62,-0.29,-0.27,-0.14,-0.19,-0.93,1.69,-1.76,-0.63,0.13,-0.09,-1.08,0.36,0.01,0.52,0.44,0.31,0.09,0.76,-1.22,-1.06,0,0.44,-1.12,-1.39,-1.3,0.04,0.05,-0.31,1.13,-0.55,0.62,-0.28,0,-0.65,0.67,0.35,0.47,0.22,-1.16,0.37,-1.25,0.32,-0.34,-0.45,0.51,0.33,0.12,0.28,0.18,1.65,-0.05,-0.4,0.53,-0.06,-0.3,0.51,0,-0.13,0.18,-0.06,-0.2,0.47,0.17,-0.26,0.07,-2.38,-0.43,0.15,-0.32,-0.06,-0.98,0.42,0.12,-0.49,-1.22,-1.01,0.03,0.03,-0.32,0.35,0.02,1
-0.53,-0.63,1.25,0.71,0.71,0.38,0.37,0.61,-1.59,0.46,-1,-0.1,-1.77,-0.15,-0.63,1,-0.14,0.24,-0.17,0.43,-0.16,-0.21,0.05,1.57,-0.07,0.38,-0.7,-0.26,1.03,-0.1,0.26,1.76,-0.38,-0.15,0.84,-0.35,-0.45,-0.92,-0.3,0.13,0.11,-0.02,-0.07,0.39,0.27,-0.32,-0.64,-1.91,0.35,-0.14,0.36,0.58,1.03,0.65,-0.07,-0.06,-0.74,-0.81,0.16,0.6,0.84,1.2,-0.21,-1.96,-0.38,0.79,0.37,-0.45,-0.14,-3.37,-0.62,0.13,-0.75,0.32,-0.29,-0.36,-0.5,-1.04,-0.17,-0.45,-0.8,-0.57,0.35,0.23,0.71,1
-0.42,-0.14,0.87,-0.88,0.06,-0.46,-2.54,0.42,0.14,0.06,-0.04,-3.96,0.18,0.35,-0.33,-0.82,-0.14,0.11,-0.24,0.41,0.75,0.74,0.23,0.19,-0.53,0.25,1.24,0.32,0.18,0.54,0.5,-0.42,-0.02,0.79,0.11,-0.04,0.08,0.35,0.1,-0.15,-0.46,-0.06,2.11,0.14,-0.07,-1.27,-0.01,0.67,0.03,-0.57,0.17,-0.11,0.26,0,0.54,0,-0.28,0.12,0.19,0.13,0.42,0.13,0.3,0.22,0.34,-0.35,-0.48,0.43,-0.01,0.2,0.56,-0.47,-0.85,0.4,-0.65,0.6,-0.01,0.14,1.17,0.22,-0.39,-0.2,0.32,0.37,-0.28,1
-2.08,-0.78,-0.07,-0.89,-0.17,-0.56,-0.42,0.51,-0.39,0.17,-0.39,1.44,0.29,-0.09,-0.14,0,-0.04,-1.23,0,-2.32,-0.4,-0.83,-0.98,-3.7,0.15,-1.46,-0.9,0.25,0.69,-0.24,0.15,-2.91,-0.66,-0.21,0.37,-0.17,-0.11,-0.84,-1.24,0.09,-0.13,0.24,0.01,-0.54,-0.24,1,-0.21,0.04,-0.66,0.23,-0.58,-0.68,-0.38,-0.74,-0.13,-0.65,-1.14,0.47,-0.06,-1,-1.3,-0.77,-1.03,-0.71,-0.21,-0.25,-1.35,0.18,1.11,0.36,-0.37,-0.57,1.74,0.07,0.33,0.24,-0.14,0.01,0.97,0.99,-0.58,0.04,-0.28,0.25,-0.58,1
-0.22,0.9,0.06,0.34,1.24,0.38,-1.35,-0.51,-0.5,0.09,-0.73,-1.08,1.34,-0.41,0.21,-0.38,-0.45,0.14,-0.37,0.46,-0.73,0.7,0.04,1.07,1.28,0.19,0.08,-0.14,-1.74,-0.08,0.32,0.48,1.84,-0.18,0.51,-0.18,0.17,-0.75,0.3,0.09,0.76,0.72,-0.38,-0.13,-0.54,-0.6,1.28,-0.26,0,0.85,0.51,0.92,0.28,-0.44,0.39,0.37,0.32,-0.4,-0.49,0.17,0.1,-0.32,0.03,0.45,-0.53,0.53,1.6,0.48,0.27,-0.42,0.12,0.6,0.07,0.65,-0.3,-0.57,-0.34,-0.32,0.05,0.05,-0.15,0.06,0.51,1.51,0.25,1
0.03,0.07,-0.25,0.32,1.24,-0.62,0.78,0.14,-0.94,-0.05,-0.04,-0.7,0.06,-0.53,1.61,0.93,0.37,0.64,-1.2,0.93,-0.01,-1.65,0.24,-0.39,0.01,-0.12,-1.11,0.04,2.83,-0.27,-0.25,0.49,1.06,1.33,-1.64,-1.33,0.01,-0.74,-0.43,-0.32,-0.31,-0.3,0.23,-0.56,-0.66,2.6,1.71,-0.71,-0.03,-0.35,-0.34,-3.57,-0.88,3.41,0.77,0.02,0.25,-0.88,-0.49,-0.34,1.48,2.3,-0.32,-0.02,-0.61,0.25,1.68,0.78,-2.15,0.64,0.78,1.43,2.38,1.14,-0.89,0.05,0.22,0.36,1.19,0,-0.19,0.22,3.46,0.55,0.27,1
0.08,-0.03,0.09,0.04,-0.27,-0.18,-0.09,-0.51,-0.08,-0.18,-0.31,-3.06,1.01,-0.05,-0.1,-0.72,-0.01,0.53,-0.4,-0.13,0.49,0.53,-0.38,-0.81,0.18,0.04,0.43,0.38,0,0.52,-0.17,0.51,0.63,0.35,0.25,-0.39,-0.12,-0.63,0.37,0.07,0.32,0.19,2.47,0.71,-0.14,0.24,-0.23,0.38,0.42,0.21,-0.08,-0.73,-0.11,-0.18,0.12,-0.37,0.16,0.99,-0.01,0.29,0.17,-0.38,-0.29,-0.29,-0.03,0.15,0.99,0.95,-0.31,-0.56,-0.31,-1.45,0.35,0.49,-0.24,-0.16,-0.1,0.24,-0.42,-0.51,-0.18,0.35,0.42,-0.05,-0.47,1
0.29,0.36,0.38,2.47,0.76,1,-0.49,0.77,-0.2,0.43,0.18,-1.61,0.39,-0.02,-0.15,0.68,0.36,0.7,-0.71,2.51,0.87,-0.76,1.16,2.09,1.79,-0.37,0.03,0.37,0.76,0.23,-0.54,0.92,0.69,0.12,0.49,-0.03,0.39,0.22,-0.38,0.54,-1.08,-0.35,2.44,-0.22,0.5,-1.54,-0.41,-0.14,-1.05,-0.34,0.64,0.52,0.68,-1.29,-1.53,1.43,-0.15,0.52,0.54,0.16,0.98,0.59,-0.42,0.57,0.04,0.63,-0.94,0.69,0.22,-2.09,0.23,-0.15,-0.87,0.86,-0.53,0.06,-0.08,-0.03,-0.4,0.34,1.16,-0.26,-0.16,0.2,0.1,1
0.01,0.89,-0.75,0.84,1.31,1.27,0.53,0.53,-0.38,-0.68,-0.44,1.06,1.15,0.07,0.5,0.12,0.17,0.69,-0.14,0.48,-0.06,0.12,1.24,2.49,1.7,0.32,0.41,0.42,0.12,0.34,-0.45,0.4,0.83,0.66,0.83,-0.21,0.07,-0.66,0.11,0.06,0.17,0.42,3.21,-0.08,0.17,2,0.27,0.31,-0.56,0.81,-0.34,-0.91,0.17,0,-0.03,1.04,0.73,-0.4,0.53,0.46,-0.34,0.03,-0.11,0.33,-0.33,0.82,1.12,0.6,-0.14,1.25,-0.05,-0.75,-0.56,0.54,-0.3,-0.13,-0.32,0.36,-0.11,-0.5,0.5,-0.42,0.5,0.43,0.16,1
-0.22,0.54,0.07,0.53,0.04,1.45,0.73,0.19,-0.27,0.23,-0.11,-1.5,0.8,-0.55,-0.27,0.6,-0.04,0.71,-0.77,1.18,0.46,-0.51,1.25,2.75,0.69,0.46,-0.13,0,0.41,0.23,-0.53,0.2,0.53,-0.48,1.17,0.39,0.07,0.3,-0.31,0.25,0.21,-0.64,3.1,-0.35,0.27,-0.49,0.72,0.28,-0.07,0.06,0.63,0.83,0.53,0.15,-1.9,0.24,0.05,-0.35,0.69,0.21,0.13,0.24,-0.13,0.2,0.32,-0.33,-0.64,-0.6,-0.07,1.2,1.88,-0.09,-0.07,0.55,0.19,-0.07,-0.35,-0.46,1.22,-0.77,0.46,-0.21,-0.43,-0.01,0.38,1
0.33,-0.74,0.26,-0.79,-0.26,-0.09,0.63,0.35,0.41,-0.41,-0.2,1.45,0.1,0.45,0.54,0.08,0.16,-0.03,0.41,-0.52,0.84,0.65,-0.67,-1.16,-0.42,-0.2,0.68,-0.49,-0.46,-0.16,0.59,0.02,1.4,1.07,-0.11,-0.19,0.38,0.81,-0.39,0.47,-0.13,0.06,0.37,-0.04,0.25,-0.29,-0.54,-0.11,-0.9,-0.17,-0.36,-0.5,-0.54,-0.96,0.24,-0.18,0.11,0.56,0.22,0.24,0.58,-0.52,0.66,-0.19,0.21,-0.25,-0.64,0.27,0.7,0.22,-0.36,-0.95,-1.06,-0.29,0.22,-0.76,0.21,0.51,0.54,0.5,0.55,0.66,-0.26,0.29,-0.39,2
0.39,-0.42,0.45,-1.37,0.18,-0.55,-0.26,-0.21,-0.2,0.12,1.17,2.98,-0.03,-0.18,0.4,0.61,-0.23,-1.21,0,-0.58,-0.25,-0.24,1.01,-0.54,-0.72,-0.62,0.23,-0.55,0.86,-0.41,-0.01,0.26,-0.04,-0.09,0.6,-0.02,0.02,-0.15,-0.63,-0.67,0.34,0.62,0.32,-0.11,0.34,-0.7,0.84,0.4,0.82,-0.08,-0.08,-0.39,-0.38,0,0.26,-0.98,-0.52,0.42,0.13,0.44,-0.09,0.26,0.1,0.74,-0.15,-0.03,0.37,-0.07,-0.1,1.03,-0.61,-0.14,0.29,0.48,-0.1,0,-0.23,-0.28,0.12,1.05,-0.21,2.03,0.3,-0.17,0.02,2
-0.21,0.13,0.65,-0.83,-0.32,-0.64,0.01,-0.45,0.18,-0.47,-0.2,2.03,0.18,-0.02,0.62,-0.15,-0.1,0.18,-0.09,-0.63,0.19,0.12,0.75,-2.03,-0.42,-0.92,0.1,-0.33,-0.42,0.13,-0.09,-0.26,-0.35,-0.54,0.3,-0.03,-0.84,0.34,-0.71,-0.74,-0.21,0.57,0.49,-0.35,-0.33,-1.86,-0.08,0.22,0.19,0.19,-0.28,0.09,0.14,-0.94,-0.29,-0.31,-0.38,0.23,-0.04,-0.16,0.27,0.12,-0.1,0.31,0.11,0.31,-0.01,0.02,0.34,-0.66,0.25,-0.13,-0.31,-0.43,1.44,0.3,0.26,0.48,0.58,0.04,1.25,0.63,0.25,0.3,-0.22,2
0.58,-0.77,0.24,-0.95,-0.39,-0.2,0.24,-0.4,0.67,-0.89,0.82,1.11,0.53,-0.43,0.4,-0.08,-0.15,-0.58,0.07,-1.02,0.76,-0.1,1.44,0.89,-0.37,-0.76,0.05,-0.82,1.16,-0.28,-0.76,0.14,1.14,0.09,-0.77,0.09,-0.26,-0.29,-0.29,-0.34,-0.36,-0.66,-0.06,0.14,-0.63,1.02,-0.17,-0.17,1.8,-0.76,-0.26,-0.61,-0.42,-0.34,-0.28,-0.67,-0.58,-0.27,0.3,0.19,-0.37,2,0.15,0.36,0.29,-0.12,0.26,0.44,0.53,0.08,0.01,0.52,-1.23,0.5,1.41,-0.72,0,0.19,1.09,0.59,0.1,0.6,0.28,-0.56,-0.12,2
0.22,-0.08,0.26,0.04,-0.25,-0.25,0.56,-0.37,0.1,0.42,0.38,1.08,-0.13,-0.01,0.83,-0.17,-0.04,-0.3,0.12,-0.59,0.26,0.33,0.1,0.08,-0.54,-0.13,0.47,0.13,0.44,0.16,-0.98,-0.24,0.04,0.45,-0.28,0.44,-0.18,0.73,0.04,-0.06,-0.32,-0.33,0.3,0.73,-0.58,-0.29,0.63,-0.03,1.28,-0.71,-0.72,-0.29,-0.24,-0.37,0.22,-0.58,-0.49,0.68,0.23,0.21,0.08,0.05,-0.59,0.22,0.09,-0.54,1.16,0.43,0.52,-0.12,-0.26,0,0.32,0.02,0.05,-0.29,0.07,0.05,0.3,-0.09,0.69,0.48,0.44,-1.17,-0.25,2
0.34,-0.51,0.05,-2.27,-0.32,-0.66,0.11,-0.58,-0.13,-1.73,-0.28,1.98,-0.35,-0.05,0.91,-0.3,-0.5,-1.25,0.2,-1.5,2.8,-0.4,0.07,0,-0.58,-0.87,0.3,-1.06,-0.01,-0.51,0.38,-0.31,0.22,-0.19,0.21,-0.49,0.19,0.73,-0.94,0.61,0.56,-0.05,-0.02,-0.01,0.19,0.49,-0.9,0.25,0.11,-0.1,-0.09,-1.2,-0.84,1.68,-1.12,-0.27,-0.92,0.89,0.08,0.79,-2.08,3.72,-0.75,-2.52,-0.07,-0.47,-6.04,0.04,0.31,-0.86,-0.26,1.19,-0.64,0.48,0.56,1.36,-0.25,0.06,0.16,-0.47,0.61,1.54,0.38,-0.3,-0.58,2
0.4,0.84,0.72,-1.15,-0.61,-1.24,-0.01,-0.41,-0.06,-0.62,0.05,1.45,-0.27,-0.12,0.59,-0.1,-0.14,-0.22,-0.04,-0.51,-0.1,0.7,0.63,-0.88,-0.94,-0.77,0.23,-1.41,-0.26,0.19,-0.09,0.1,0.11,-0.26,-1.14,-0.04,0.97,0.32,1.9,-1.9,0.15,-0.34,-0.7,2.87,-0.74,-0.02,-0.36,-0.22,0.64,-0.04,-0.61,-0.27,-0.41,-0.19,0.37,-0.76,-0.85,0.57,0.09,0.27,-0.14,0.67,0.29,-0.11,0.03,-0.2,0.82,2.68,-0.27,0.01,-0.68,0.07,0.85,-1.06,-0.63,0.03,1.17,-0.04,-0.51,-0.29,0.66,1.28,0.58,-1,0.22,2
1.01,-0.09,0.21,-0.62,0.12,-0.49,-0.64,0.38,-0.54,-0.69,0.18,-0.97,-0.54,-0.79,-0.33,0.31,-0.12,-1.03,0.79,0.33,-0.73,-0.57,0,-1.04,-0.41,-0.71,-0.75,-0.04,0.52,-0.64,-0.27,-0.8,0.61,-0.39,0.29,-0.75,-0.39,-0.3,-0.86,0.28,-0.06,-0.76,1.55,-0.42,-0.78,0.18,0.3,0.19,-0.05,0.33,-0.35,0.06,-0.19,2.42,0.88,-0.24,-0.85,-0.45,0.44,0.79,0.66,-0.74,0.74,0.37,0.07,-0.38,-0.43,0.13,0.79,-0.12,0.63,-0.1,0.57,0.41,0.39,0.5,-0.34,0.22,0.69,0.64,0.34,-0.14,-0.52,0.29,-0.04,1
0.26,0.24,-0.03,0.35,-0.31,1.08,0.31,0.97,0.76,1.51,-0.17,-0.4,1.19,-0.1,1.59,-0.27,-0.26,0.03,0.21,2.09,0.32,-0.97,1,2.03,2.06,0.67,-0.29,0.21,0.56,-0.13,0.21,0.85,-2.04,-0.34,0.3,-0.04,-0.23,1.18,-1.01,-0.48,-0.13,-0.54,4.63,-0.07,0.11,-0.38,-1.4,0.74,-0.56,-0.07,0.94,0.38,1.31,1.02,-2.17,1.1,3.36,-0.5,-1.68,0.39,0.83,0.91,-0.29,-0.16,-0.07,1.22,0.71,-0.53,0.23,-0.63,0.12,-0.39,2.37,0.32,-0.54,-0.86,-0.43,-0.56,1.04,0.38,0.14,0.92,-0.17,0.15,0,1
-0.39,-1.71,-0.44,-0.11,-1.07,-0.68,1.11,0.89,0.07,0.28,-2.41,0.05,-1.85,0.49,-1.14,0.73,0.14,1.1,0.92,-0.08,-0.52,-1.31,-2.06,-0.92,-0.07,0.5,1.06,-0.46,-1.66,0.85,-1.07,-0.36,2.22,1.26,-1,-0.17,0.32,0.63,0.85,0.61,-1.96,-1.02,-0.03,0.15,-1.73,0.93,-2.92,0.15,-0.45,-0.88,-1.62,-0.02,0.4,0.62,-0.12,-0.28,0.43,-0.34,0.05,0.38,0.9,0.88,0.49,-2.83,-0.36,0.9,0.3,-0.24,0.37,-3.03,0.74,0.15,1.11,-1.43,0.31,1.33,0.4,0.34,-1.47,-1.51,0.31,-0.63,-0.36,0.67,0.95,1
0.45,1.23,-0.29,0.39,0.09,0.23,-0.29,-0.08,-0.71,-1.59,0.5,-3.27,0.52,-0.51,0.33,-0.33,0.31,0.83,2.55,-0.73,-0.55,-0.32,-1.2,0.75,1.16,-0.54,-0.08,-0.75,-1.07,-0.43,-0.19,0.8,-0.08,-0.33,-0.51,-0.63,0.09,0.02,-0.86,-0.45,-0.16,-0.33,-1.7,-0.31,-0.5,-2.47,-1.44,-0.11,-0.27,0.57,0.2,-0.62,-0.83,0.26,0.13,1.06,0.77,-0.11,-0.86,-0.51,-0.61,0.59,-0.15,-1.32,-2.08,0.48,-2.47,-1.02,0.43,0.85,-0.56,-0.93,-0.15,0.2,-1.44,2.28,-0.16,0.44,-0.41,-0.29,-0.74,0.06,-1.24,0.43,-0.96,1
0.16,0.25,0.54,0.47,1.53,0.57,1.46,-0.65,-0.87,0.53,-0.27,0.48,0.26,0.5,-0.14,-0.14,-0.03,0.45,0.21,0.23,0.65,0.62,-0.11,1.44,-0.07,0.47,0.08,0.07,-0.12,0.74,0.26,0.61,0.23,0.86,0.33,-0.74,0.04,-0.23,0.03,0.21,0.17,0.8,1.25,0.18,0.27,-1.09,-0.06,-0.12,-0.45,0.52,0.41,-0.26,0.48,-1.29,-0.24,0.24,1.02,0.02,-0.35,-0.3,0.74,0.02,0.09,0.28,0.07,0.59,0.07,0.08,-0.42,-0.73,0.52,-0.6,-0.5,0.65,-0.52,-0.21,-0.23,-0.05,-1.54,0.21,-0.32,-0.48,0.37,1.05,-0.01,1
0.38,-0.03,-0.39,-0.45,0.39,0.65,0.22,1.27,-0.27,-0.22,-0.95,-4.39,-0.57,0.11,-0.41,0.09,-0.1,-0.35,0.05,-0.04,-0.28,0.26,-0.15,2.32,-0.24,0.14,-0.05,0.16,-0.2,0.65,0.13,-0.73,-0.6,0.32,0.75,-0.46,-0.12,-0.98,-0.92,0.64,-0.22,-0.03,-0.49,-0.7,0.46,1.02,0.02,1.46,-0.52,0.37,0.71,0.14,0.4,0.89,0.38,-0.02,1.14,0.14,0.33,0.66,0.64,-0.85,0.24,-1.53,0.51,0.28,0.09,-0.5,0.16,-0.28,0.04,0.91,-0.6,0.5,0.22,1,-0.33,0.11,-0.21,0.4,0.07,0.24,-0.08,-0.23,0.01,1
0.46,0.71,0.46,1.19,2.01,0.94,0.66,0.88,-0.1,0.05,0.24,-0.86,0.03,-0.13,-0.54,1.55,0.27,-0.19,-0.59,1.08,-0.31,-1.22,1.27,3.29,1.91,-0.32,-0.43,0.98,-0.22,0.03,0.02,1.57,-0.22,0.02,1.26,-0.27,-0.02,-0.68,-0.31,0.65,0.06,-0.33,1.55,0.2,0.8,-0.04,-1.04,0.25,-0.32,0.38,1,0.78,0.6,-1.27,-1.27,0.88,-0.85,-0.2,1.23,0.01,-0.19,-0.6,0.09,1.48,-0.15,1.15,-1.91,0.54,2.17,-0.56,1.28,1.38,-0.16,0.75,-0.45,-1.14,0.28,0.11,0.95,0.05,0.35,-0.41,-0.41,1.1,0.1,1
-0.38,0.17,-0.2,0.05,0.33,0.38,-0.1,-0.71,-0.95,0.45,-0.42,0.23,1.61,-0.4,0.56,0.24,-0.74,-0.3,-0.15,-0.04,-0.81,0.07,0.86,2.14,0.05,0.19,-0.45,-0.26,1.64,-1.13,0.34,-0.08,-0.4,-0.02,1.09,0.02,-0.25,-1.46,-0.57,-0.19,1.7,1.46,0.76,0,0.74,0.8,1.08,1.4,0.09,0.58,0.78,-0.35,0.16,1.94,-0.22,-0.5,-0.23,-0.54,-0.3,0,-0.57,1.7,-0.39,2.47,-1.02,-0.11,1.11,-0.26,-0.78,0.58,-0.04,0.74,-0.05,0.78,-0.81,0.59,-0.89,-0.28,1.13,0.09,0.49,0.2,0.21,-0.12,-0.51,1
0.29,-0.03,-0.11,1,0.17,0.33,0.77,0.28,-0.8,3.43,0.25,-0.33,0.86,-0.06,-0.11,1.22,0.42,0.19,-0.01,0.74,-2.59,-0.91,0.81,0.8,-0.25,0.08,-0.28,0.46,0.32,0.16,-0.31,1.22,0.24,-0.03,-0.29,0.09,-0.19,-0.15,1,0.23,-0.06,-0.34,-0.11,-0.45,0.19,1.34,-0.22,0.29,-0.24,0.08,-0.19,0.09,0.41,0.06,-0.32,-0.28,1.16,-0.73,0.41,0.23,-0.36,0.27,-0.09,0.03,-0.5,-0.67,-0.05,-0.21,-0.01,1.87,0.52,-0.57,-0.16,-0.03,-0.01,-0.26,-0.29,-0.87,0.41,0.93,1.09,-0.79,-0.48,-0.11,-0.23,1
0.32,-0.09,0.9,-0.44,0.36,-0.23,0.76,0.15,0.6,-0.93,-1.05,-1.23,1.01,-0.31,0.62,0.36,0.09,0.11,0.9,0.16,0.72,0.08,-0.86,-0.96,-0.56,0.01,0.95,1.54,0.25,0.46,0.32,-0.32,0.79,0.58,0.84,-0.19,-0.42,-0.18,0.28,-0.03,0.07,0.93,-0.1,-0.25,0.32,-1.92,-0.15,0.34,0.3,-0.49,1.06,0.84,0.07,-1.39,-0.11,-0.16,0.94,0.71,0.03,0.02,0.12,0.27,0.43,1.37,-0.51,0.23,-0.33,0.52,0.21,-1.21,-0.15,-0.53,0.83,0.3,-0.3,-0.21,0.28,0.47,0.28,-0.57,0.07,0.23,0.32,-0.37,-0.27,1
-0.44,-1.69,-0.09,0.1,0.41,-0.65,-0.36,-0.52,-0.46,0.43,-1.09,1.57,-0.29,-0.16,0.55,-0.13,-0.17,0.37,-0.47,0.09,-0.33,0.42,0.09,1.09,-0.28,0.9,0.91,0.81,0.32,-0.15,0.41,0,1.91,0.51,0.07,0.01,0.13,-0.1,0.56,-0.4,0.21,1.08,0.28,0.69,-0.02,-1.77,0.77,-0.01,0.01,0.76,0.34,0.43,0.25,-0.9,0.71,0.46,1.17,0.69,0.17,0.81,0.53,-0.41,0.48,0.32,-0.21,-0.17,1.44,0.59,0,1.29,-0.5,-0.23,-0.7,1.05,-0.32,-0.15,0.09,-0.5,-0.04,-0.21,-0.43,0.4,0.37,0.07,0.34,1
0.24,-0.76,0.59,-0.59,0.03,-1.33,0.15,0.34,0.38,1.33,0.72,0.96,-0.65,0.3,0.85,0.98,0.24,0.35,1.43,-0.54,0.27,-1.3,0.5,-2.36,-0.42,-0.8,0.64,0.09,0.47,0.12,0.11,-0.01,-5.17,0.53,-0.3,-0.94,-1.24,-0.38,-1.96,0.22,-1.55,0.11,0.77,-1.42,0.62,0.23,-1.01,0.33,-1.12,-0.77,0.49,-6.07,-0.05,0.61,0.05,0.02,-1.11,1.45,0.17,-0.18,-0.49,1.6,-0.6,0.51,0.74,-0.12,-1.23,-0.07,0.44,0.17,-0.9,-0.87,-0.01,0.15,-0.88,0.24,0.06,0.4,-1.51,0.37,0.58,0.12,-0.24,0.21,-0.39,2
-0.08,-0.39,0.53,-0.84,0.05,-0.35,0.6,-0.15,0.38,-0.24,1.08,1.25,-1.21,0.04,0.08,0,0.31,0.21,1.5,-0.52,0.28,-0.04,1.48,-0.66,-0.24,-0.35,0.64,0.34,-0.3,0.26,0.13,-0.28,-0.24,-0.14,0.17,0.09,-0.48,0.4,-0.66,0.08,-0.38,-0.38,-0.1,0.14,0.65,0.12,0.3,0.3,1.36,-0.08,0.3,0.14,0.16,-0.09,-0.37,-0.13,-0.66,-0.13,0.89,-0.39,-0.51,-0.14,0.07,0.24,0.35,0.22,-0.42,0.19,-0.16,0.61,0.42,-0.3,4.52,0.6,-0.29,-0.76,-0.11,-0.28,0.5,-0.16,-0.37,0.51,0.12,-0.2,0.27,2
-0.09,-0.82,0.12,-0.75,-0.62,-0.43,1.01,-0.09,0.39,-0.28,0.01,1.37,0.01,0.06,0.78,0.67,-0.05,-0.08,0.08,-0.54,-0.61,0.76,0.02,-0.51,-0.97,-0.12,0.94,-0.32,-0.56,0.31,-0.78,-0.13,0.55,-0.06,-1.02,-0.33,-0.95,0.1,-0.45,0.09,-0.84,-0.57,0.92,0.88,-0.28,-0.65,-0.3,0.45,1.2,-0.2,-0.25,-0.07,0.03,0.24,0.4,-0.09,-0.6,0.57,-0.14,-0.11,0.38,-0.87,-0.31,0.07,-0.16,-0.57,1.07,0.21,0.82,-0.24,-0.57,0.58,0.47,-0.21,0.47,-1.29,0.25,-0.05,-1.56,-0.12,0.51,0.81,0.01,-1.01,-0.29,2
-0.35,-0.74,-0.68,-0.71,0.21,-0.36,0.55,-0.83,0.42,-0.48,0.63,1.15,-1.47,-0.43,0.09,-0.26,0.16,-0.03,0.46,-0.22,0.31,-1.15,1.27,-1.5,-0.45,-0.57,0.16,-0.73,-0.26,0.02,-0.01,-1.44,-0.55,-0.03,0.56,-0.45,0.16,0.14,-0.57,0.04,-0.59,-0.6,-0.28,0.17,0.47,0.39,-0.33,0.24,0.19,0.26,0.07,-0.33,0.34,-0.48,0.28,0.03,-0.33,0.21,0.72,-0.07,-0.6,-0.51,-0.89,-0.01,0.61,0.61,0.09,0.02,-0.2,-0.24,0.17,-0.45,-0.08,0.21,0.05,0.72,0.01,0.42,-0.41,-0.4,-0.13,0.97,-0.01,0.25,0.09,2
-1.26,2.34,-0.55,2.46,-0.37,1.85,-1.64,-0.68,-0.32,-1.98,0.15,2.95,1.47,-0.15,-0.8,-1.43,-2.38,-1.58,-1.2,0.97,-1.85,2.15,-1.35,-1.29,2.87,0.16,-1.71,0.12,0.7,-0.96,0.98,-0.04,-2.93,-2.05,0.42,1.66,-0.47,0.52,0.34,-0.59,2.37,-0.74,-3.41,-0.03,3.23,0.08,3.52,0.67,-1.39,-3.82,2.74,0.69,-0.8,-1.85,-0.24,1.2,0.95,-0.42,-1.91,-1.12,-1.9,-3.29,-0.32,-0.79,-0.29,-1.79,1.36,-1.11,-0.71,0,-0.23,1.18,-0.97,-1.47,1.91,0.23,0.13,-0.1,2.03,-2.59,-1.48,-1.43,-0.41,-2.76,0.42,2
0.69,1.15,0.5,-1.08,-0.45,-1.12,-0.2,-0.54,-0.3,0.32,-0.24,2.16,-0.3,0.48,0.83,-0.55,-0.47,-0.6,-0.01,-0.28,-0.14,-0.39,0.09,-0.58,-0.8,-0.91,-0.02,-1.11,0.16,-0.54,-0.03,0.07,0.04,-0.54,-1.52,0.04,1.09,0.28,2.06,-1.24,0.7,0.69,-1.87,1.51,-0.69,0.32,-0.05,0.01,-0.14,0.06,-0.61,-0.44,-0.3,-0.66,0.41,-0.66,-0.42,-0.03,0.22,0.26,-0.49,0.85,0.1,0.17,-0.18,-0.39,-0.18,1.84,-0.49,0.54,-0.1,0.05,0.61,-1.1,0.08,0.68,0.62,-0.21,-0.9,0.18,0.66,0.61,-0.14,-0.75,-0.25,2
0,-1.1,-1.15,-0.43,-0.32,-0.54,-0.02,-0.25,0.83,1.02,0.05,0.21,-0.44,0.91,0.76,-0.43,0.23,-0.03,0.96,0.62,0.05,0.52,0.37,-0.04,-0.99,-0.03,0.87,-0.84,-0.38,-0.2,-0.73,0.8,-0.73,0.49,-0.02,-0.09,-0.64,-0.27,-0.51,-0.18,-0.5,1.29,-0.08,-0.67,-0.54,0.66,-0.23,-1.05,0.82,-0.98,-1.01,-0.16,-0.32,-2.54,1.12,-0.41,-0.36,0.39,0.5,0.37,-1.69,1.1,-2.12,-0.44,0.04,0.1,-1.69,0.16,-1.68,-0.98,-0.83,-3.45,-1.06,-0.29,-1.31,1.12,-0.06,0.31,-1.13,-0.11,0.79,-0.25,-0.17,0.03,-0.07,2
0.36,-0.59,-0.18,0.05,-0.59,-0.28,-0.26,0.06,-0.08,-0.26,-0.05,0.21,-0.26,0.69,-0.35,1.24,-0.19,0.16,0.64,-0.2,-0.27,1.92,-1.12,-0.82,-0.77,0.2,1.17,1.54,0.68,0.2,1.18,0.36,0.19,-0.2,-0.42,0.47,-0.14,0.25,-0.17,0.45,0.4,0.07,0.85,0.69,-0.47,0.62,-1.24,0.06,0.36,0.74,0.68,0.32,1.18,0.87,-0.79,0.17,1.12,0.8,-0.74,-0.69,1.46,-0.63,-1.11,-1.75,-0.67,1.44,0.85,-0.08,0.09,-0.04,-0.23,0.73,-0.1,0.94,-0.66,0,-0.5,0.51,-0.45,-0.34,-1.49,-0.07,-0.23,0.91,0.91,1
-0.19,-0.35,-0.74,0.48,0.88,0.46,0.48,0.69,-0.54,0.96,-1.11,-3.81,-0.09,0,-1.07,0.47,0.3,1.3,1.1,1.04,0.12,-1.65,-0.47,2.33,0.85,-0.42,-1.28,0.27,0.21,0.09,-0.3,-0.13,0.34,-0.49,0.36,-1.77,-0.15,-0.55,-2.15,-0.03,-0.62,0.14,1.91,0.2,0.48,0.52,-1.92,0.2,-0.91,-0.48,0.32,1.78,0.42,1,-1.38,0.1,0.16,-0.96,0.45,0.08,0.23,-0.08,0.12,-0.3,0.96,-0.4,-0.86,-0.57,-0.31,1.73,0.42,-0.22,0.29,0.79,-1.12,0.61,-0.85,-0.25,2.69,1.28,-0.28,-0.56,-0.31,-0.26,-0.13,1
-0.12,1.33,0.13,2.26,-1.38,2.99,-1.12,-0.7,0.63,0.3,0.67,2.12,0.48,0.01,-0.69,-0.52,-0.14,-0.26,-1.01,-0.51,0.94,2.65,-0.65,0.47,1.49,0.35,-0.75,1.16,-0.01,-0.59,-0.11,-0.31,-2.35,1.76,0.12,1.33,0.58,0.08,0.5,-0.24,1.25,-0.84,-1.89,0.38,3.97,-0.04,2.03,0.71,-0.89,0,1.82,-0.53,-0.49,-0.59,-0.06,0.63,1.14,0.29,-1.38,-0.68,-1.36,-1.22,0.16,-0.4,-0.65,-0.83,1.56,-0.59,-1.4,0.46,-0.54,1.66,-1.12,-0.17,1.81,0.64,-0.53,-0.41,-0.01,-1.53,-1.14,-0.7,0.26,-0.03,0.54,1
-0.4,0.26,-0.44,-0.06,0.24,-0.43,0.85,0.06,-1.16,2.23,-1.86,-0.6,-0.46,-0.12,-0.97,0.41,0.33,0.75,1,0.59,0.57,-0.16,-0.99,-0.69,0.37,0.37,-1.13,-1.59,-1.12,-0.21,-0.27,0.07,0.9,-0.28,0.84,-0.75,0.16,-0.51,0.04,0.51,-0.42,-1.91,-0.97,0.34,-1.22,0.66,-0.16,-0.69,-0.13,0.2,-0.19,-0.61,0.03,1.59,0.87,0.08,1.25,-0.42,1.26,-0.23,-0.37,-2.15,-0.24,-0.32,-0.31,0.15,-0.44,-0.08,-1.42,-3.31,-0.9,0.29,-0.66,0.19,-0.75,0,0.07,-0.37,0.01,0,-0.55,0.15,-0.23,0.63,-0.07,1
-0.15,-0.32,0.09,0.9,0.33,0.13,-0.07,0.36,-0.47,-0.41,-0.79,0.42,-0.12,0.62,0.11,0.56,0.04,0.03,-0.05,0.82,-0.45,-0.53,0.11,1.46,0.15,0.87,0.67,-0.91,-0.75,0.9,1.4,1.21,1.09,0.72,0.97,-0.13,0.19,-0.83,-0.12,0.96,0.4,0.84,1.27,0.51,-0.36,-0.31,-0.76,0.04,0.34,-0.11,0.75,0.49,1.15,0.78,-0.97,0.24,0.57,-0.23,0.33,0.07,-0.32,-0.31,-0.3,1.14,-0.26,1.57,0.08,0.23,0.07,-0.49,-0.21,-0.74,-1.32,0.74,-1.08,-0.96,-0.63,-0.03,-2.07,-0.08,-0.72,-0.05,-0.18,0.79,0.27,1
-0.56,-0.02,-0.18,-0.23,1.29,-0.73,0.57,-0.61,-0.66,0.59,-0.15,0.41,0.74,-0.7,0.8,-0.08,-0.11,-0.02,-0.12,0.31,-0.54,-0.15,0.43,0.61,-0.21,-0.14,-0.3,-0.56,0.06,-0.16,-0.43,-0.51,0.27,-0.42,0.79,-0.27,-0.31,-0.79,-0.08,0.5,-0.13,0.4,0.38,-0.17,-0.71,1.44,0.84,0.27,-0.51,0.05,-0.6,-0.14,-1.12,2.23,-0.07,-0.62,0.91,-0.75,0.4,1.66,0.05,2.71,-0.64,0.55,-0.62,-0.55,0.98,-0.34,0,1.1,0.7,3.26,2.79,0.84,-0.51,1.95,-0.8,-0.89,-0.46,0.27,0.35,-1.53,0.24,0.03,-0.08,1
-0.99,0.68,-2.77,0.41,-0.14,0.79,0.83,-0.84,0.2,1.8,-1.5,-0.45,-0.31,-1.36,-1.78,0,0.82,1.03,-2.35,-0.45,-0.01,0.15,-1.94,-1.24,1.24,0.12,-0.13,0.03,-0.01,0.83,0.42,-0.01,-0.09,0.26,-4.31,0.23,-0.24,0.69,0.61,0.98,-1.52,0,-0.93,-0.11,-1.44,0.11,0,-1,0.22,-0.04,0.54,-1.3,-0.05,1.39,-1.34,0.6,-0.69,-2,-0.14,0,-0.76,0,0,-1.15,0.29,0.84,-1.36,-0.12,0,0,-0.31,0,-1.21,-0.83,-4.75,0,0.22,-0.51,-2.85,0.75,0.95,-1.8,0.19,0.99,0.63,1
-0.9,1.01,0.74,-0.45,-0.37,-0.05,0.05,-0.41,0,-1.39,-2.64,-1.14,0.03,-0.85,0.46,-2.19,0.04,-0.11,-0.25,-0.59,-2.66,-0.09,-1.16,-0.03,0,-0.5,-0.45,0.18,-1.92,-0.21,-0.47,-0.03,1.39,-0.73,0.33,-0.76,-0.94,0.32,0.09,0.2,-0.6,-2.09,0.83,0.7,-0.55,-0.89,-2.31,-0.4,0.44,0.08,0.21,0.03,-0.6,1.72,-0.82,-0.57,-0.2,-0.77,-0.17,-0.76,-0.65,-0.45,0.02,0.12,0.04,-0.07,0.29,-0.08,0.04,0,-0.28,-0.31,-1.67,0.32,-0.31,-1.92,0.41,0.66,1.06,-0.39,-0.6,0.88,0.29,-0.16,0.18,1
0.23,-1.29,-0.87,0.22,0.29,0.17,-0.64,-0.7,-0.75,-1.41,-0.48,0.39,0.07,-0.49,-0.16,0.56,0.34,0.17,-0.81,-0.81,-4.7,-0.46,-0.31,2.56,0.69,0.16,-0.65,0.08,-0.01,0.37,1.1,-0.46,2.21,0.56,0.66,-0.04,0.04,-1.08,-0.37,-0.73,0.33,-0.74,1.4,0.14,-0.15,-0.16,-1.41,-0.77,0.53,-0.26,0.42,0.66,0.63,1.77,0.33,0.3,-0.51,-0.55,-0.54,-0.61,0.24,0.24,0.05,-0.77,0.18,0.17,-0.07,-0.58,0.41,0.02,0.04,0.76,-0.15,0.25,-0.08,-0.08,-0.56,0.24,1.34,0.37,-0.41,-0.11,0.53,0.34,0.88,1
0.15,-0.4,-0.18,1.29,0.62,0.19,-0.07,0.42,-0.26,-0.08,-0.41,-0.65,-0.27,0.3,0.88,0.25,0.21,0.37,-0.54,0.95,-0.59,-0.1,0.39,2.1,0.86,0.08,0.11,0.38,-1.62,0.49,0.27,0.19,1.48,0.65,1.16,-0.15,-0.12,-0.87,1.16,0.35,0.59,-0.42,0.29,-0.15,0.61,-0.73,0.25,0.13,0.13,-0.06,0.16,0.44,1.02,-0.64,0.37,0.87,0.92,-0.17,-0.18,0.15,0.29,-0.08,-0.12,0.4,0.11,-0.25,-0.08,0.58,-0.07,-1.27,-0.24,0.15,-1.07,0.2,-0.47,0,-0.98,0.04,-0.89,0.76,0.21,-0.06,0.13,0.55,0.18,1
1.88,-0.52,0.74,-0.66,0.32,-0.63,0.12,0.3,0.07,0.26,0.45,0.41,-1.12,-0.11,-0.38,-0.16,-0.01,0.16,-0.83,-0.79,0.1,-0.13,0.43,0.55,-0.7,-0.3,0.12,-1.26,-0.56,0.16,-0.73,0.02,-0.93,-0.74,0.05,0.48,-0.74,-0.31,0.07,0.34,-2.28,0.86,-1.66,-0.57,-0.88,0.13,-0.73,-0.63,1.19,0.2,-0.58,-0.2,-0.4,1.12,0.36,-0.6,-1.53,-0.83,0.12,0.41,-0.43,0.42,0.2,-0.51,0.54,0.35,0.7,-0.43,-0.05,0.09,-0.5,-0.5,0.44,0.29,-0.06,-0.52,-0.11,-0.56,-0.58,0.05,0.44,0.37,0.51,-0.33,-0.2,2
-0.09,-0.39,0.66,-0.88,0.04,-0.24,0.47,-0.37,0.31,0.21,0.43,1.55,0.45,0.38,0.62,0.18,0.03,-0.3,0.26,-0.82,0.14,0.47,0.39,0.09,-0.44,-0.25,0.66,0.05,0.13,0.55,-0.21,-0.18,-0.97,0.24,0.22,0.5,-0.41,0.22,-0.36,-0.57,-0.12,1.3,0.27,0.03,0.13,-1.35,0.75,0.01,0.47,0.13,-0.25,0.03,0.05,-0.91,-0.13,-0.32,-0.28,0.41,0.32,0.2,0.13,-0.02,-0.04,0.56,0.44,0.02,0.76,0.22,0.85,0.43,-0.49,-0.8,0.37,-0.15,1.12,-0.62,0.28,0.02,-0.71,0.34,0.77,0.6,0.07,-0.29,-0.25,2
0.42,0.09,0.59,-0.7,-0.25,-0.38,-0.44,-0.18,0.55,-0.57,0.87,1.56,0.93,-0.02,0.11,-0.37,-0.09,-0.12,-0.3,-1.12,0.03,0.44,0.97,-1.2,-0.63,-0.24,0.43,-0.26,-0.26,0.1,-0.55,-0.34,0.76,-0.51,-0.89,0.82,-0.63,0.04,0.12,-0.53,-0.32,0.57,0.17,0.43,1.57,-1.97,0.51,-0.37,1.21,-0.55,-0.69,1.27,-0.4,-1.25,-0.02,-0.47,-0.52,-0.21,0.31,0.08,-0.31,0.26,-0.04,0.33,0.19,0.44,0.32,-0.21,0.3,-0.08,-0.15,-0.42,0.25,-0.44,-0.01,-0.45,-0.11,-0.35,-0.07,0.02,-0.11,0.28,0.1,-0.67,-0.74,2
0.22,-0.86,-0.71,-0.88,-0.59,-0.66,-0.6,-0.27,0.19,0.37,0.02,0.57,-0.48,-0.1,-0.26,-0.26,0.09,-0.59,-0.37,-0.8,-0.44,0.63,-0.39,-0.56,-0.86,0.48,0.09,-0.13,-0.97,-0.2,-0.22,0.04,-0.65,-0.57,-0.52,0.53,0.2,0.12,0.73,0.65,-0.59,-0.16,-0.2,0.53,-0.75,1.15,-0.37,0.42,0.75,0.58,-0.5,0.93,-0.38,0.97,0.68,-0.38,-0.73,0.09,0.57,0.48,1.07,0.23,-0.03,-0.68,0.02,0.1,1.84,-0.2,-0.81,-1,-0.98,-0.88,-0.33,-0.4,-0.1,0.95,-0.08,-0.39,0.04,0.15,-0.16,1.12,0.3,-0.37,-0.19,2
0.14,-0.45,0.19,-0.26,-0.19,-0.54,0.43,-0.61,0.57,-0.74,1.03,2.07,-0.59,0.27,0.89,-0.18,0.06,-0.02,-0.23,-0.97,-1.26,0.63,1.28,-0.75,-0.17,-0.19,0.73,-1.09,0,-0.01,0.3,-0.12,-0.24,0.44,-1.08,0.42,-0.06,0.65,-0.47,0.35,-0.04,-0.04,-0.52,0.27,0.33,-1.13,0.65,0.17,0.97,-0.29,-0.17,0.1,0.13,-0.07,0.3,0.01,-0.05,0.15,0.51,0.15,0.09,1.33,-0.02,0.82,0.56,0.37,-0.65,0.06,0.49,0.8,0.13,0,-1.03,0.34,0.79,-1.14,0.28,0.11,-0.2,0.89,0.44,1.35,0.18,-0.05,0.48,2
0,2.77,-0.58,1.24,-0.9,0.85,-1.9,-0.65,-0.01,-1.07,0.67,2.58,-0.04,1.61,-0.91,-1.1,-2.62,0.34,-0.12,2.41,1.34,-0.5,-0.68,-0.71,2.54,0.03,-1.27,0.51,1.28,-1.18,-0.08,-0.65,-3.81,1.02,-0.7,1.91,0.22,1.41,-0.21,-0.51,2.76,-1.35,-0.84,-0.66,4.26,-0.54,3.57,0.19,-1.3,-1.74,2.55,1.62,-0.48,-1.94,0.46,1.33,2.32,-0.2,-1.1,-1.08,-1.17,-0.97,0.81,-0.28,0.35,-1.12,-0.53,-1.02,-0.01,0.6,0.27,-1.64,-1.12,-1.57,2.66,-0.05,-2.04,-0.48,1.03,-1.14,-0.98,-0.78,0.94,-0.96,-0.72,2
0.52,0.75,1.31,-1.47,-0.44,-0.51,-0.09,-0.47,-0.21,-0.36,0.47,1.8,0.43,0.11,0.69,-0.25,-0.02,-0.64,0.16,-0.65,-0.7,-0.04,0.08,-0.26,-0.34,-1.07,-0.08,-0.39,-0.12,-0.39,0.07,-1.33,0.51,-0.98,-1.68,-0.3,0.81,-0.26,2.35,-1.55,0.29,0.2,-1.43,2.02,-0.04,0.56,0.17,0.15,-0.03,-0.37,-0.66,-0.65,-0.66,0.63,0.21,-0.41,-0.83,0.22,0.74,0.53,-0.25,0.5,0,-0.38,-0.22,-0.41,-0.75,2.48,-0.15,1.01,-0.3,0.18,1.01,-1.04,0.3,-0.38,0.82,0.01,-0.56,-0.05,0.19,0.46,0.1,-0.8,-0.75,2
1.03,0.09,0.82,-0.68,0.28,-0.62,-0.23,-0.73,0.13,0.59,0.75,0.22,0.82,0.42,0.39,0.55,-0.28,-0.37,1.01,-0.27,-0.18,-0.52,0.49,-0.44,-1.05,-2.59,-1,-1.12,-0.46,-0.41,-1.41,0.35,-0.53,-0.78,-0.33,0.09,0.19,-0.03,-1.31,-0.34,-1.27,-0.03,0.53,-0.76,-0.65,0.23,0.43,-0.36,0.49,-0.98,-0.47,-1.72,-0.46,1.43,0.87,-1.04,-0.9,-1.27,0.34,0.21,0.15,0.72,-0.52,0.35,-0.06,-0.28,-1.1,-0.2,0.17,-0.05,-0.14,-0.92,0.46,-0.29,-0.04,-0.65,-0.41,-0.51,-0.11,-0.06,0.59,0.41,-0.14,-1.13,-0.27,2
0.33,0.95,1.12,0.66,0.41,0.66,1.63,1.14,-0.48,1.59,-0.76,1.03,-0.34,-0.29,-0.1,-0.36,-0.39,0.59,-0.29,-0.04,0,-0.33,1.61,-0.79,-0.08,0.96,-0.91,0.44,0.21,-0.13,0.85,0.69,-0.44,-0.08,-1.2,-0.42,0.35,0.37,3.31,-1.38,0.07,-0.24,-1.24,0.84,-0.26,-0.35,-0.99,0.14,0.18,-0.43,0.4,0.91,0.03,-0.41,-0.11,0.03,0.05,-0.59,-0.34,0.11,0.42,0.23,-0.17,-1.35,0.35,-0.55,1.02,1.14,-0.39,-0.83,-0.39,-0.01,-0.07,-0.24,-0.11,-0.45,1.02,0.23,-0.63,0.97,-0.48,-0.62,-0.4,0.19,0.3,1
0.25,-1.06,0.64,0.42,0.41,-0.19,0.37,0.68,0.11,0.08,0.11,-0.23,-1.08,0.24,-0.09,0.95,0.3,0.74,0.43,0.54,0.38,0.12,-0.46,-0.89,-0.19,-0.35,1.11,1.39,0.64,0.35,0.95,-0.45,-0.24,0.3,0.39,-0.2,0.09,0.15,-1.25,0.67,0.02,0.38,1.26,-0.02,-0.25,0.14,-1.72,0.25,0.54,0.13,0.75,-0.81,1.56,0.59,0.86,0.62,0.76,1.45,0.31,-1.25,1.07,-0.38,0.14,-1.61,0.11,1.87,-0.45,0.5,-0.13,-0.18,-0.06,0.65,-0.57,1.06,-0.13,1.14,0.49,1.13,-0.3,-0.25,-1.33,-0.41,-0.5,0.57,0.94,1
-0.5,-1.06,-0.71,0.45,0.25,-0.43,0.72,-0.23,-0.38,-0.31,-1.66,-2.26,0.15,-0.39,0.08,0.59,0.22,0.36,0.31,0.44,-0.44,0.07,-0.15,-0.99,-0.23,0.05,0.88,0.23,0.23,-0.06,0.75,-0.53,1.19,0.69,0.12,-0.01,-0.15,-0.39,0.7,0.65,0.52,0.18,0.31,0.25,-0.1,1.22,-0.12,0.21,-0.17,0.15,0.11,-0.1,0.58,0.81,-0.15,0.05,0.41,-0.49,-0.49,-0.05,0.75,-0.31,-0.42,-0.3,-0.31,0.43,1.77,0.31,-0.08,-1.05,-0.17,0.37,-0.62,0.26,-0.06,0.3,0.05,-0.28,0.38,-0.38,-0.12,1.37,0.4,0.78,0.39,1
0.18,0.01,0.59,0.64,-0.66,1.34,0.23,0.58,-0.19,0,-0.42,-2.16,-0.18,-1.52,0.63,-1.38,0.81,-0.11,-0.26,1.16,0.01,-1.97,0.77,2.71,0.11,0.28,0.23,0.2,1.14,-0.13,0.77,1.84,0.73,0.06,2.2,-1.1,-0.44,0.96,0.42,0.24,0.71,0.67,0.65,-1.67,0.38,0.22,-0.78,0.03,-0.16,0.23,0.71,0.26,1.04,0.98,-1.33,-0.3,2.34,0.07,0.57,0.39,0.18,1.31,-0.07,-0.56,-0.29,1.26,0.95,0.01,-0.13,-1.59,0.07,0.28,0.06,-2.05,-0.99,-1.43,-0.79,0.4,0.36,-0.18,-0.31,1.33,-0.4,0.2,0.15,1
0.21,0.24,-0.35,0.93,1.01,0.38,0.53,0.33,0.29,0.06,0.66,-1.79,-0.89,0.12,-0.15,0.51,0.38,0.69,0.87,1.49,0.09,-1.23,1.24,0.98,0.47,-0.14,0.64,-1.29,-0.68,-0.02,-0.12,0.96,0.03,0.3,0.69,0.24,0.2,-0.59,-0.59,0.06,-0.83,0.63,1.08,-0.51,-0.25,-0.68,-0.97,-0.46,-1.03,0.04,0.01,1.11,-0.12,1.7,0.78,0.1,-0.4,-0.87,0.48,0.11,0.96,0.33,0.18,0.03,0.36,0.87,-2.42,-0.1,-0.36,0.94,0.99,0,0.14,-0.07,-0.79,0.29,-0.24,-0.02,0.75,1.09,0.43,-0.77,-0.54,1.13,0.68,1
-0.37,0.39,-0.13,-0.63,-0.56,0.2,0.27,0.01,-0.47,-0.5,-1.47,-3.14,0.68,-0.35,-0.35,0.49,-0.63,-0.11,1.71,1.05,-0.36,0.94,-1.36,1.47,-0.93,0.19,-0.33,0.14,-0.54,0.22,-0.45,0.1,-0.05,0.1,0.09,-0.67,-0.04,-0.44,0.78,-0.36,1.27,1.24,0.45,0.47,0.02,0.26,0.94,0.71,0.64,0.04,0.33,0.35,-0.42,1.59,0.7,-0.46,0.48,-0.34,0.12,0.77,0,-0.93,0.21,1.45,-0.24,-0.35,0.84,-1.31,-0.41,-0.31,-0.35,0.69,0.49,-0.03,-0.79,1.15,-0.87,-0.35,0.17,0.22,-0.95,-0.15,0.32,-0.22,-0.24,1
0.67,0.08,-0.45,0.83,0.94,0.62,0.22,1.2,0.95,-0.23,1.36,-0.88,0.09,0.19,-0.01,0.73,0.05,0.86,0.23,0.94,-1.42,-0.05,1.52,1.45,0.81,0.09,0.58,-0.44,-0.45,-0.58,-0.5,0.32,0.94,0.2,0.39,0.37,0.27,-0.14,0.18,0.04,-0.22,-0.47,1.35,0.05,0.22,-0.69,-0.03,0.37,0.03,0.22,-0.37,-0.16,0.2,-0.21,0.26,0.3,-0.6,-1.01,0.79,-0.24,0.62,-0.77,-0.01,0.2,0.23,0.11,0.17,-0.42,-0.27,1.73,0.66,-1.32,-0.26,-0.05,-0.49,-0.99,-0.07,-0.46,0.09,0.85,0.53,-0.4,-0.19,0.16,-0.61,1
-0.56,-0.54,-0.44,0.06,-1.01,0.84,0.15,0.77,-0.52,1.57,-0.24,-0.25,-0.52,-0.37,-0.98,1.24,-0.17,-0.06,-0.58,1.18,0.41,-0.45,0.3,1.48,0.28,0.42,0.09,0.12,0.3,-0.24,0.07,0.81,0.44,-0.46,0.47,-0.14,0.01,-0.74,0.23,0.77,-0.44,-0.94,1.67,-0.1,0.33,-0.66,-1,0.83,-0.57,-0.16,0.09,0.56,0.31,-1,-0.78,-0.21,-0.08,-0.1,0.22,-0.19,-0.77,-2.7,0.13,0.14,-0.17,0.2,-2.08,-0.02,-1.1,1.08,1.22,-0.03,-0.14,-0.08,-1.16,-0.32,-0.73,0.09,1.91,1.1,0.52,-0.81,-0.64,0.9,0.26,1
-0.31,-0.87,-0.37,0.16,-0.7,1.01,0.69,0.76,0.01,1.22,-0.83,-0.72,-0.13,0.4,-0.79,0.86,-0.25,0.21,-0.54,0.67,0.88,-0.06,-0.35,3.18,-0.08,0.4,-0.2,1.61,-0.65,0.63,-0.33,1.36,0.78,0.35,0.92,-0.78,0.47,-1.02,0.32,0.43,-0.29,0.3,0.4,0.36,0.11,-0.19,-1.41,0.52,-0.18,0.41,0.21,1.05,0.36,-0.42,-0.47,-0.03,0.27,0.09,0.94,0.56,0.62,-0.42,0.37,-0.61,-0.03,-0.36,-0.18,0.16,-1.17,0.49,1.29,-0.36,-0.57,-0.33,-0.65,-0.74,0.16,-0.25,1.19,1.66,-0.24,-1.52,-0.39,-0.45,0.61,1
0.06,-0.49,-0.72,-0.92,-1.16,-0.67,-0.93,-0.53,-0.3,0.18,0.14,-1.84,-0.41,0.35,-0.79,0.43,0.04,-0.37,0.92,0.62,-0.52,-0.32,0.44,-0.13,-0.4,-0.25,-0.67,-0.55,-0.11,-0.41,-0.56,0.52,0.35,-0.74,-0.13,0.88,1.19,-1.27,0.06,1.08,0.52,1.2,-0.35,-0.73,-0.4,1.22,0.06,-0.39,0,0.5,-0.7,0.74,-0.61,1.32,0.32,-0.87,-1.37,-0.51,-0.4,-0.14,0.28,-0.7,-0.52,0.24,-0.27,0.26,1.11,-0.45,-0.65,-1.38,-0.64,-1.07,-0.1,-0.63,-0.15,0.13,-0.93,-0.43,0.22,-0.38,-0.29,-1.36,-1.09,-0.69,-0.61,1
0.14,0.91,0.86,-0.41,-0.61,-0.54,-0.17,-0.46,-0.32,0.59,0.38,1.07,-0.7,0,0.38,0.15,-0.39,-0.83,-0.45,-0.73,-0.85,0.42,0.26,0.17,-0.58,0.12,-0.09,0.17,0.25,-0.19,-0.29,-0.32,0.14,-0.41,-1.42,0.28,0.47,0.03,3.12,-0.86,0.5,0.31,-1.43,1.35,-0.72,-0.02,0.53,0.11,-0.16,0.45,-0.62,-0.41,-0.29,0.37,0.39,-0.23,-0.52,0.07,0.29,0.08,0.24,0.73,-0.68,0.51,-0.11,-0.52,-0.01,1.63,-0.07,0.5,-0.22,0.34,0.78,-0.69,-0.2,0.74,0.95,0.15,-0.13,0.37,0.16,0.84,0,0.3,-0.45,2
0.44,0.81,0.33,-1.23,-0.87,-0.97,-0.43,-0.04,-1.04,-0.25,0.18,1.56,0.49,0.45,-0.37,-0.41,0.24,-0.9,1.09,-1.23,-1.43,-0.5,0.04,-0.76,-0.34,-1.08,-0.58,-0.37,-0.12,-0.72,-0.82,-0.89,-0.62,-0.81,-2.15,-0.28,1.41,-0.37,1.68,-1.15,0.02,0.33,-1.35,1.52,0.19,-0.49,0.11,0.02,-0.25,-0.67,-0.77,-0.5,-0.52,-0.57,0.64,-0.5,-0.79,0.51,-0.1,0.45,-0.4,0.43,-0.22,-0.51,-0.11,-0.6,-0.66,2.69,-0.37,0.3,-0.65,0.1,1.47,-0.2,0.07,0.58,0.99,0.14,0.1,0.49,-0.02,-0.35,-0.07,-0.23,-1.27,2
-0.21,-1.17,1.93,-0.38,0.28,-0.61,-0.32,0.3,-0.31,1.11,-0.1,0.26,-0.21,0.57,0.58,1.17,-0.31,-0.1,0.35,-0.33,-0.22,-0.78,0.91,1.28,-0.31,-0.04,0.69,0.07,1.26,-0.57,0.03,0.63,-0.74,-0.49,0.8,-0.17,-0.24,-0.17,-0.13,-0.99,-0.91,-0.57,0.86,-0.22,-0.5,-0.21,0.15,0.73,-0.43,-0.38,-0.51,-1.76,0.29,-0.06,0.05,-0.33,0.08,-0.18,-0.51,-0.09,-0.05,-0.06,0.58,0.62,0.18,-0.4,-0.55,0.1,0.91,0.67,-0.36,0.27,0.78,0.59,0.7,-2.14,-0.17,0.2,0.09,-0.1,0.4,0.48,-0.5,0.6,-0.51,2
-0.01,-0.11,0.53,-1.07,-0.22,-0.34,0.32,-0.25,0.03,-0.93,-0.36,1.71,0.74,-0.3,0.55,-0.49,-0.04,-0.8,-0.14,-1.59,-0.15,0.23,-0.52,-0.85,-0.26,-0.53,0.51,-0.19,-0.26,0.18,-0.56,0.13,-0.1,0.18,0.07,-0.35,-0.26,0.68,-0.75,-0.13,-0.14,0.2,0.19,-0.19,0.02,0.49,-0.23,0.13,-0.05,-0.04,-0.16,-0.99,-0.25,-1.22,0.13,-0.3,-0.37,1.25,0.91,0.42,0.05,1.04,0.32,0.05,0.21,-0.28,-0.3,0.35,0.74,0.72,0,-0.29,0.8,0.19,0.6,-0.08,0.45,0.61,-0.1,0.43,1.03,0.98,0.65,-0.11,0.03,2
-0.46,0.22,0.81,-1.01,-0.46,0.1,0.54,0.24,0.81,-1.03,0.44,1.83,0.8,-0.32,0.37,-0.01,-0.29,0,0.27,-0.39,0.28,0.2,0.55,-1.24,-0.61,-0.91,0.31,-0.57,-0.19,0.25,-0.97,-0.72,-0.3,-0.41,1.1,-0.49,-1.04,-0.21,-0.61,-0.45,-0.89,0.14,0.61,-0.04,0.33,-2.23,-0.41,-0.5,0.45,-0.21,0.1,-1.57,-0.43,0.47,-0.24,-0.76,-0.83,0.24,0.18,-0.48,-0.22,1.57,-0.38,0.26,0.25,0.17,0.6,0.13,0.05,0.39,-0.3,-0.84,-0.35,-0.22,0.08,-0.15,-0.3,-0.02,-0.51,0.06,0.76,0.42,0.39,-0.59,-0.02,2
0.01,0.95,-0.36,-0.39,-0.45,-0.68,0,0.39,0.41,0.19,1.17,0.44,-0.45,1.1,0.3,-0.12,-0.13,-0.06,-0.35,-0.74,-1.04,-0.64,1.09,0.02,-0.67,-0.16,-0.57,-0.34,0.02,0.35,0.78,1.7,1.11,0.29,-1.83,0,0.69,0.47,3.37,-1.25,1.93,-0.45,-1.44,1.89,0.13,0.04,0.39,0.56,1.48,1.16,-0.27,-0.29,0.29,-0.26,-0.49,-0.27,-0.02,-0.35,0.83,-0.01,0.1,0.91,-0.23,0.3,-0.05,-0.14,0.65,1.42,-0.66,0.27,-0.21,-1.93,-0.19,-1.05,0.03,1.07,1.02,-0.13,0.17,0.03,0.22,-0.28,0,-0.71,0.11,2
-0.1,-1.23,0.49,0.6,-0.97,-0.79,-0.59,-0.55,-0.81,1.17,0.06,1.96,-0.15,0.19,0.47,-1.3,0.87,-0.82,-0.83,-1.02,-0.4,0,0.62,0.07,-0.42,0.17,-0.02,-0.56,0.45,-0.55,-0.57,0.15,-2.61,-0.73,-0.55,0,-0.59,1.6,-0.9,-0.29,-0.39,0.75,1.18,-0.25,-0.65,0.22,0.24,1.49,-0.54,-0.37,-0.04,-0.81,-0.29,1.88,1.07,-0.54,1.47,-1.61,-2.63,-0.84,-0.28,1.23,0.12,0.53,0.08,0.16,0.3,-0.22,0.78,0.57,-0.38,0.38,1.42,0.36,1.21,-1.93,-0.06,0.12,-0.27,0.9,0.62,2.28,0.21,-0.38,-0.77,2
0.89,-0.02,0.47,0.22,-0.59,-0.27,-0.3,-0.09,-0.03,0.45,-0.1,2.38,-0.01,0.02,0.87,-1.37,1.18,-0.73,-0.49,-0.16,-0.42,-0.67,0.47,-0.73,-0.32,-0.06,-0.33,-1.15,0.65,-0.58,-0.64,0.66,-1.74,-0.41,-0.04,-0.66,-1.28,0.46,-0.92,-1.02,-0.35,1.12,0.64,-0.66,-0.4,-1.12,0.43,0.56,-0.56,-0.35,-0.22,-1.26,0,0.01,1.11,-0.44,1.58,-1.2,-1.13,-0.28,0.92,0.9,-1.47,0.38,0.26,0.74,0.53,-0.4,0.4,0.27,-0.07,-0.23,1.44,0.69,0.54,-1.8,0.04,-0.33,-0.04,1.06,0.78,-0.11,0.39,-0.04,-0.55,2
-0.3,0.55,-0.93,2.41,-1.36,1.25,-2.22,-0.95,0.62,-2.44,1.02,2.46,1.39,1.27,-0.84,0.08,-2.22,0.03,-1.1,0.26,0.14,0.75,-1.29,-0.28,1.17,0.32,-1.21,1.53,0.3,-1.36,1.14,-0.4,-5.04,1.6,0.55,1.18,0.75,1.31,2.86,2.2,3.19,-1.63,-2.44,-1.26,3.36,-0.34,3.06,0,-1.24,-1.6,4.81,-2.31,0.47,-3.05,-0.59,0.94,-0.32,1.14,-1.65,-0.6,-0.92,-1.58,1.07,-1.05,0.57,-1.03,-0.5,-2.09,-1.86,1.61,-0.19,0.34,-2.09,-0.58,3.38,-0.82,0,-0.79,2,-2.62,-1.67,-0.97,0.01,-1.62,-0.54,1
0.48,0.29,0.59,0.91,0.35,-0.07,1.13,0.22,-1.14,0.5,-1.19,-2.33,0.37,-0.2,0.57,-0.36,0.13,0.67,0.14,0.11,0.07,-1.36,-0.83,0,-0.04,0.55,1.38,0.79,1.59,0.32,1.12,-0.52,1.99,0.77,-0.95,-0.07,0.21,0.11,2.71,-1.13,0.16,-0.41,-1.17,1.21,0.13,-0.95,-0.21,-0.03,0.43,1.53,0.88,0.48,0.4,-0.2,-0.56,0.86,-0.6,0.33,-0.4,-0.36,0.17,0.16,-0.16,-0.73,-0.82,-0.47,-0.97,1.7,-0.35,-1.5,0.09,-0.76,0.42,-0.23,0.26,-0.29,1.5,0.65,-0.71,-0.5,-0.16,-0.89,-0.11,-0.35,0.19,1
0.52,-0.82,-0.15,-0.6,-0.06,-0.26,-0.23,0.51,0.46,0.56,-0.19,-0.47,-0.75,0.07,-0.55,0.31,0.18,0.07,0.39,1.03,0.13,0.59,-1.1,-0.89,-0.73,-0.15,1.13,1.74,-0.05,0.57,0.87,0.52,0.26,-0.06,0.35,0.22,0.43,0.1,-0.39,0.44,-0.32,0.31,1.19,0.02,-0.34,0.31,-0.9,0.03,-0.39,0,0.62,0.25,1.19,1,0.57,0.2,0.8,1.47,-0.15,0.31,1.27,0.15,0.03,-0.8,-0.2,1.17,-0.2,0.39,0.28,-0.17,0.2,0.2,-0.05,1.11,-0.05,0.27,0.21,1.12,0.21,-0.3,-0.88,0.04,-0.43,0.52,1.2,1
0.21,-1.09,0.13,0.17,1.43,0.9,1.43,0.88,-0.48,0.35,-0.04,0.5,-0.17,-0.04,1.15,-0.68,0.44,0.51,-0.35,0.67,0.66,-0.36,-0.36,-0.3,0.85,1.05,0.12,-0.02,-0.3,0.57,0.59,0.61,0.82,0.43,0.21,-0.26,0.29,-0.44,0.12,0.41,0.55,-0.49,0.24,-0.07,0.49,-0.07,-0.71,-0.33,0.6,0.31,0.78,0.58,0.77,-1.34,-1.2,0.43,-0.12,-0.1,-0.68,0.05,0.66,0.19,-0.24,-1.49,0.18,1.22,-0.21,0.57,1.11,-0.34,-0.38,0.09,0.06,0.33,-0.65,0.03,-0.36,0.52,-1,0.08,-0.54,-0.92,0.17,0.98,0.7,1
-0.53,0.62,0.28,0.36,0.05,1.14,-1.09,-0.76,-1.17,-2.1,-0.8,-2.97,-0.73,-0.22,0.07,-0.52,-0.19,-0.09,-0.73,-0.36,0.31,-1.04,0.8,1.46,0.32,-0.18,-0.01,0.15,-0.44,0.08,-0.41,-0.22,0.58,-0.51,-2.59,0.32,0.23,-0.16,2.12,-1.61,0.24,-0.1,-1.23,0.56,0.12,1.77,0.15,0.06,0.4,0.43,0.48,0.89,0.17,1.97,1.21,0.36,0.68,-0.32,-0.44,0.61,0.75,0.98,0.03,-0.09,0.52,0.23,2.11,1.59,0.17,-0.39,0.13,1.19,1.23,-0.2,-0.27,1.93,1.49,0.43,0.67,-0.05,-0.68,0.25,0.33,0.85,0.56,1
-0.93,0.69,-0.46,-0.41,-0.29,-0.37,-0.66,-0.17,-1.15,1.08,-1.54,-1.23,-0.12,-0.38,0.34,-1.04,0.36,0.48,-0.14,-1.85,0.69,0.15,-0.62,-0.65,0.36,0.39,-0.2,-0.6,-0.18,0.3,-0.14,0.26,1.1,-0.46,-0.3,-0.39,-0.15,-0.34,-0.11,0.17,-0.26,0,-0.63,0.44,-1.7,1.18,-0.87,-0.88,-0.09,-0.19,-0.62,-0.9,-0.42,2.4,0.33,-0.05,1.68,-0.86,0.33,-0.89,0.06,-1.44,-1.22,-0.38,-2.26,-0.22,-0.45,-0.37,0,-4.03,-0.46,0.43,-0.01,0.53,-2.39,0.22,0.14,-0.68,-1.02,-4.3,-0.16,0.96,-0.17,0.48,0.1,1
0.54,0.19,-0.1,1.3,0.89,0.43,0.45,0.35,0.29,0.2,1.06,-1.76,-0.94,0,-0.08,0.32,0.33,1.06,0.78,1.37,-0.15,-0.92,1.34,0.22,0.43,0.1,0.13,-1.4,-0.17,-0.18,-0.25,0.22,-0.18,0.22,0.54,0.37,0.03,-0.35,-0.11,0.02,-0.96,-0.23,1.51,-0.02,-0.79,0.31,-0.55,-0.52,-0.61,0.23,-0.28,0.66,-0.12,-0.68,-0.16,-0.13,-0.61,0.77,0.54,-0.41,0.61,0.12,0.15,0.39,0.23,0.79,-1.43,-0.15,-0.18,0.68,1.16,-0.49,-0.43,0.12,-0.45,0.56,-0.42,-0.02,0.71,1.6,0.74,-0.25,-0.23,1.1,0.75,1
-0.07,0.51,-0.54,0.22,0.64,0.64,0.67,0.39,-0.36,-0.46,-1.41,-4.37,-0.49,0.1,-0.75,0.13,0.62,0.56,0.98,0.47,0.44,-0.26,-0.44,2.28,0,0.18,0.19,1.25,-0.81,0.16,-0.35,-0.22,0.07,1.54,0.18,-0.75,0.59,-0.98,0.03,0.25,-0.31,1.1,1.33,0.59,0.45,0.45,-0.44,0.34,-0.15,-0.63,0.31,0.6,0.2,-0.16,-0.32,0.19,0.89,-0.02,0.44,0.64,0.16,0.24,0.56,1.63,0.21,0.62,-0.81,-0.11,-0.52,1.43,-0.51,0.15,-0.28,-0.08,-0.68,-0.31,-0.34,0.07,0.49,-0.03,-0.5,-0.93,0.29,0.45,0.05,1
-0.27,0.23,-0.96,-0.28,-0.68,0.47,0.46,0.83,-0.14,-1.07,-1.74,-4.13,-0.24,-0.28,-0.68,0.69,-0.31,-0.19,0.32,0.61,-0.2,0.38,-1.44,1.58,-0.54,0.33,-0.1,1.07,-1.23,0.21,-0.49,0.44,-0.34,0.13,-0.66,-0.92,0.38,-0.78,1.07,-0.18,-0.16,0.72,1.49,0.52,0.02,0.87,-0.65,0.11,-0.09,0.34,0.37,0.96,-0.1,1.14,0.11,-0.06,1.23,0.21,0.04,1,0.18,-0.33,0.18,0.57,0.12,-0.23,-0.16,-0.57,0.29,0.1,0.14,0.14,-0.12,-0.42,-0.51,-0.44,-0.16,0.24,0.11,0.14,-0.38,-0.51,0.2,0.26,0.23,1
0.35,0.84,-0.8,-0.11,-0.38,0.71,0.19,0.22,-0.08,-0.3,-1.19,-3.65,0.22,-0.44,-0.59,-0.18,-0.05,-0.12,0.59,0.67,-0.03,0.65,-0.86,1.61,-0.4,0.54,-0.17,1.32,-1.2,0.29,-0.48,-0.33,-0.16,0.32,-0.29,-0.71,-0.1,-0.63,0.89,-0.42,0.34,0.77,1.22,0.33,0.24,0.83,-0.37,0.1,0,0.5,0.68,0.88,0.19,0.76,-0.33,0.11,0.84,-0.22,0.45,0.83,0.12,-0.57,0.3,0.96,0.28,0.27,-0.3,-0.72,3.5,0.35,0.01,-0.12,-0.2,-0.17,-0.62,-0.21,-0.41,0.25,0.29,0.5,-0.52,-0.94,0.01,0.08,0.16,1
0.53,-0.24,1.75,-0.47,-0.26,-0.29,0.09,0.06,0.64,-0.1,0.97,1.42,-0.08,0.02,0.73,0.27,-0.17,-0.38,0.02,-0.7,0.19,-0.32,0.21,-1.02,-0.09,-0.92,0.39,-0.13,-0.09,0.13,-0.95,-0.27,-0.27,0.4,0.01,-0.21,-0.3,0.31,-0.84,-0.02,-0.91,0.26,0.69,-0.47,0.19,-2.2,0.17,0.23,-0.46,-0.11,-0.1,-1.65,-0.22,-2.24,-0.27,-0.14,-0.11,1.01,0.86,0.27,0.17,0.88,0.46,0.67,0.44,0.13,-0.74,0.58,0.26,0.22,0.63,0.6,0.45,0.27,0.52,0.54,0.4,0.55,0.23,-0.11,0.79,-0.17,-0.01,-0.27,-0.03,2
0.08,-0.23,1.2,-0.52,-0.25,-0.63,0,-0.46,-0.24,0.37,1.01,1.11,0.11,0.6,0.71,0.32,-0.94,-1.01,-0.06,-2.68,-0.61,-0.82,0.39,0.63,-0.58,-0.67,-0.05,0.07,0.73,-0.51,-0.65,-1.34,0.58,-0.34,-0.36,-0.1,0.05,0.04,-0.6,-0.72,-0.92,0.58,0.05,-0.62,-0.72,-0.88,-0.07,-0.3,0.45,-0.82,-0.55,-0.28,0,0.21,-0.49,-0.39,0.63,0.21,-0.15,-0.03,-0.09,1.81,0.49,0.51,0.17,-0.6,-0.23,-0.28,0.99,-0.01,-0.4,-0.07,0.75,0.5,-0.77,-0.78,-0.49,-0.07,-0.86,0.38,0.88,-0.18,-0.35,-0.45,-0.46,2
-0.26,0.09,-0.49,0.1,-0.33,-0.35,0.16,1.05,0.68,0.67,0.85,0.4,-0.28,-1.49,0.03,-0.36,0.11,-0.37,-0.02,-0.59,1.78,-0.21,-0.11,0.27,-0.79,-0.09,-0.63,-0.36,-0.45,-0.43,-0.68,-1.19,-0.39,-0.06,0.37,0.47,-0.66,0.28,-0.57,-0.65,0.82,-1.55,-0.48,0.06,-1.08,1.25,0.41,-0.92,1.15,1.69,-0.69,-3.32,-1,0.93,0.81,-0.83,-0.63,0.33,0.42,-0.06,-0.26,0.25,-1.87,0.53,-0.15,-0.05,-0.5,0.04,0.25,-0.49,0.6,0.04,-0.52,0.23,-0.39,0.28,-0.26,-0.46,-1.56,1.03,0.07,0.98,-0.15,-0.94,-0.37,2
-0.49,-0.77,-0.83,-0.29,1.04,0.09,-0.01,0.31,0.29,0.18,-0.26,-0.03,-0.5,0.24,0.29,0.44,0.04,-0.3,-0.7,0.49,0.08,-0.38,0.13,-0.27,-0.63,0.29,0.45,0.48,0.71,0.27,-0.42,0.22,0.41,-0.33,-0.14,-0.03,0.17,0.44,0.23,0.71,-0.4,-0.6,-0.08,0.17,-0.08,0.96,1.18,-0.1,0.14,0.05,-0.28,-0.59,-0.17,0.75,0.18,0.06,0.36,0.38,1.46,0.57,0.07,0.52,0.11,0.6,0.6,0.17,-0.45,0.67,0.32,0.02,-0.34,-0.28,0.08,0.32,-0.36,0.02,-0.14,-0.24,-0.64,1.22,1.66,1.11,0.04,-0.4,-0.04,2
0.04,-0.44,0.3,-0.05,-0.32,-0.47,-0.2,-0.18,0.25,1.03,0.74,0.99,0.38,0.04,-0.21,-0.1,0.32,-0.46,-0.21,-0.62,-1.19,0.16,0,0.23,-0.77,-0.07,0,-0.02,0.34,-0.25,-0.31,0.06,0.15,-0.5,-1,0.84,-0.26,-0.04,0.14,-0.32,-0.45,-0.28,-0.68,0.37,-0.62,1.32,0.53,-0.02,0.62,-0.42,-0.66,0.43,-0.36,-1.39,0.25,-0.62,-0.68,0.27,0.11,-0.39,-0.52,-0.22,-0.2,-0.22,-0.35,0.27,-0.24,-0.12,-0.04,-0.08,-0.5,0.3,0.25,0.21,-0.48,-0.04,0.24,-0.43,-0.57,-0.14,0.2,0.9,0.2,-0.26,-0.22,2
-0.28,-0.44,0.97,-0.03,0.6,-0.34,0.05,0.79,0.73,1.66,0.71,-0.21,-1.06,0.09,0.42,0.02,0.6,0.06,1.16,-0.73,0.36,-0.39,0.34,1.25,0.39,-0.39,-0.5,-0.02,-0.55,-0.01,-0.77,-0.03,0.1,0.68,-0.3,-0.12,-0.84,-0.35,-1.02,-0.43,-0.75,-0.27,0.18,-0.91,-0.37,-0.31,-1.01,-0.76,-0.94,-0.73,-0.44,-1.51,0.01,0.51,0.8,-0.19,-0.88,0.11,1.23,0,0.3,1.83,-0.56,-0.24,0.73,0.86,0.16,0.19,0.03,0.9,0.64,-0.19,0.14,-0.06,-1.15,0.46,0.21,0.94,0.47,1.02,1.5,-0.34,-0.48,0.9,0.6,2
-0.86,1.03,-0.79,1.89,-0.9,1.23,-1.75,-1.93,2.73,-1.53,1.02,0.95,0.95,1.09,-0.27,-0.78,-1.82,-0.97,-0.62,1.8,0.03,1.32,-1.27,-0.94,2.5,0.64,-1.72,0.45,0.91,-1.06,-0.13,-0.44,-2.94,-0.23,0.33,2.31,0.8,1.18,-0.07,-1.19,3.04,-0.85,-1.39,-1.24,3.66,-0.24,1.9,-0.79,-1.36,-0.09,3.42,2.25,0.02,-1.17,-0.39,1.87,1.63,0.03,-1.26,2.46,-2.42,-1.52,0.98,0.58,0.58,-1.24,-0.29,-1.35,-0.46,1.19,0.84,0.2,-1.1,-0.85,3.15,-0.05,1.22,-0.31,-0.36,-1.66,-1.01,-0.58,0.77,-2.06,-0.85,2
0.18,-0.93,-0.13,-0.18,0.13,0.31,0.35,0.28,0.47,-0.91,0.27,1.59,-0.7,0.31,0.23,0.18,0.64,0.07,-0.28,-0.61,-0.47,-0.24,0.66,-0.84,-0.04,-0.51,0.45,-0.64,-1,-0.09,0.19,-0.43,-0.25,0.57,0.08,-0.06,0.25,0.22,-1.26,-0.19,-0.34,-0.38,0.5,-0.24,-0.07,-0.75,-0.01,-0.13,-0.74,-0.26,-0.21,-0.74,-0.04,-0.63,0.3,0.11,-0.59,0.79,0.19,0.05,0.38,0.32,0.07,0.57,0.4,-0.19,-0.44,0.26,1.3,0.5,0.52,1,-0.66,0.34,0.98,-0.63,0.09,0.37,0.81,0.54,0.72,0.72,0.01,-0.14,0.29,2
0.11,0.18,-1,-0.21,0.29,-0.61,0.71,-0.74,0.37,-0.5,0.19,-2.7,0.56,-0.32,0.03,-0.69,-0.36,-0.16,1.32,-0.15,-0.4,0.75,-0.7,0.03,0.17,-0.73,0.3,-1.31,-0.49,0.5,-0.95,-1.05,-0.36,0.3,-1.62,-0.52,0.12,0.26,-0.23,0.42,-0.53,-0.4,-0.16,-0.1,-0.03,-1.59,0.09,-0.1,0.77,-0.22,-0.34,-0.54,-0.4,-0.52,0.11,0.29,0.06,0.41,0.39,-0.48,0.02,1.18,-0.57,0.58,-0.05,1.49,-0.01,-0.84,0.29,-0.78,0.48,0.2,0.49,1.02,0.05,-0.67,0.45,0.1,-0.08,-0.11,0.66,-0.33,-0.03,-0.17,0.19,1
2.41,4.09,0.77,2.3,-0.57,2.27,-1.7,0.84,1.28,-0.79,0.52,1.99,1.2,0.58,-0.68,-0.76,-1.56,0.36,-0.71,1.36,-0.2,1.91,-0.44,-0.43,2.36,0.04,-1.28,1.07,0.67,-0.83,0.24,-0.13,-2.2,-0.94,0.24,1.53,2.36,1.72,1.15,0.02,2.15,-0.05,-2.42,-0.07,4.07,0.42,2.45,1.34,-1.65,0.98,1.24,1.05,-0.73,-1.21,-1.27,0.45,-0.04,-0.5,-2.12,-0.89,-1.48,-3.25,0.3,-0.16,-0.57,-1.55,0.07,-0.73,-0.29,0.49,0.38,0.97,-0.85,-1.75,1.01,0.25,0.39,-0.71,1.56,-1.52,-1.33,-0.81,0.22,-1.05,-0.37,1
0.53,0.41,-0.04,-0.3,0.1,-0.74,-1.65,-0.38,0.04,0.39,-0.78,-2.19,0.22,-0.6,-0.59,0.68,-0.31,0.36,-0.47,1.19,0.23,1.29,-0.06,2.27,-0.47,-0.25,0.48,0.83,-0.48,0.01,-0.54,0.61,2.35,-0.37,-1.66,0.18,0.23,-1.01,2.18,-1.26,-0.48,0.2,-1.93,0.79,0.01,-0.04,0.11,0.04,0.41,1.34,-0.5,-0.02,-0.14,-0.82,0.02,-0.09,0.07,-0.26,0.47,0.04,0.87,1.07,-0.11,-0.12,-0.11,-0.51,1.15,-0.62,0.11,1.49,0.07,0.14,1.13,-1.14,-0.03,-0.79,1.48,-0.02,-1.01,-0.6,-0.12,-0.6,0.77,-0.2,0.09,1
1.15,-0.66,0.83,-0.05,0.53,-0.42,-0.44,0.52,-0.06,0.71,0.28,-1.01,-1.08,0.43,-0.59,-0.06,0.24,0.29,1.26,0.29,0.19,-0.02,-1.24,0,0.09,-0.51,0.78,1.26,0.39,0.2,1.03,0.78,-0.59,-0.13,-0.08,-0.06,0.59,0.02,-1.72,0.41,-0.1,0.06,1.18,-0.24,-0.27,1.81,-1.6,0.06,-0.6,-0.04,0.76,-0.62,1.37,1.54,-0.29,0.22,0.09,1.45,-0.09,-0.64,0.97,-0.94,-0.54,-0.95,-0.39,1.58,-1.43,0.15,0.12,-0.58,-0.04,0.35,0.61,0.85,-0.43,0.8,0.32,1.12,0.05,-0.05,-1.36,-0.79,-1.06,0.56,0.16,1
-0.03,1.57,-0.81,2.18,0.21,2.06,-1.59,-0.64,0.89,0.23,1.58,2.51,1.7,0.01,-1.09,1.41,0.29,0.62,-1.4,-0.29,1.07,1.33,-0.12,-1.13,0.78,0.55,-0.13,0.66,2.46,0.77,0.84,0.8,-1.75,0.98,0.21,0.63,0.32,1.81,0.82,-0.6,0.83,0.38,-1.82,-1.44,2.24,-0.07,1.77,-0.67,-0.95,0,-1.23,1.51,-0.12,0.02,-0.94,-0.97,-0.13,-0.6,-2.19,-1.13,-0.56,-1.36,-0.78,-0.6,-0.16,-0.62,1.82,-0.59,-0.42,-1.85,2.44,2.34,0.41,-2.45,1.85,0.56,-1.01,0.17,0.01,-1.47,-0.31,-0.55,1.41,-0.08,0.4,1
-0.09,2.07,-1.37,1.98,-0.53,1.02,-2.76,-0.38,-0.05,-1.29,1.11,0.79,0.28,0.54,-2.2,-1.57,-1.29,0.87,-1.19,-2.09,0.76,2.02,-0.91,-0.69,1.39,1,-0.8,1.29,0.56,-1,-0.01,-0.33,-4.29,1.01,0.47,0.99,0.23,1.94,0.26,0.04,0.75,-2.75,-1.01,0.15,4.59,-0.74,0.17,-0.77,-1.1,-1.86,0.48,1.32,0.23,-2.13,-0.43,1.03,-0.9,0,-0.81,-0.58,-0.38,-1.93,0.92,-1.06,-0.31,-3.02,0.92,-1.05,-0.24,0.36,1.02,6.06,-1.39,0.3,1.93,-0.25,0,0.06,0.74,-3.25,-1.54,-0.72,-1.4,-1.73,0,1
0.61,0.84,0.21,-0.07,0.35,-0.92,-0.64,-0.15,-0.34,0.21,-1.1,-0.75,-1.05,0.06,0.55,0.59,0,0.5,0.52,0.78,0.14,-0.99,0.18,-0.22,-1.08,-0.61,-0.18,0.12,0.42,0.16,2.38,0.21,0.37,-0.03,-0.73,0,0.61,0.02,4.15,-1.63,1.2,0.08,-1.65,1.76,-0.16,-0.62,-0.23,0.54,0.05,0.85,-0.34,-1.04,0.09,-1.11,-0.69,-0.68,-0.19,-0.33,0.27,0.61,0.19,-0.12,0.45,0.18,0.03,-0.32,-0.43,0.95,-0.62,-0.57,0.61,0,1.64,-0.23,0.19,1.41,1.16,0.22,-0.55,-0.92,0.23,0.74,0.81,0.7,0.41,1
0.39,-0.68,-0.09,-0.24,-0.03,-0.55,-0.79,0.58,0.06,1.22,-0.2,0.3,-0.78,0.05,0.27,0.05,0.12,-0.28,0.05,0.34,-0.12,-0.13,0.74,-1.16,-0.18,-0.16,0.66,0.15,-0.16,-0.22,0.37,0.83,1.19,0.12,0.09,0.03,0.12,0.02,-0.09,-0.52,-0.88,-0.94,1.05,0.18,-0.03,-0.16,-0.4,0.49,-0.72,0.4,-0.13,0.44,-0.38,-0.34,0.32,-0.52,0.54,0.06,0.39,0.08,0.69,0.85,0.37,-0.25,0.66,0.21,-0.96,0.69,0.62,0.1,0.16,-0.05,0.7,0.51,-0.64,-0.12,0.06,-0.02,1.12,0.71,0.67,0.83,-0.46,1.14,0.58,1
-0.19,-0.27,-0.33,0.68,0.37,-0.02,0.18,0.16,0.23,0.35,0.82,-2.45,-0.92,0.88,-0.3,1.54,0.4,1.11,1.14,1.43,-0.18,-0.46,0.73,0.54,-0.33,0.83,0.55,-1.31,-0.84,-0.52,-0.49,1.06,0.78,0.01,0.16,0.76,-0.17,0.03,-0.01,-0.12,-1.21,0.67,0.76,-0.31,-0.9,1.15,-0.8,-0.83,-0.45,-0.46,-0.55,1.08,-0.92,0.21,0.44,0,-0.12,-1.08,0.33,-0.42,1,0.33,0.43,0.06,-0.07,0.34,-1.4,-0.39,-0.55,-0.01,0.58,-1.15,-0.12,-0.27,-0.77,0.05,-0.68,-0.6,0.1,0.62,0.26,-1.03,-0.63,0.95,0.66,1
0.47,-1.13,0.31,0.34,0.22,-0.31,0.42,0.66,0.02,-1.11,0.14,-0.46,-1.15,0.73,-0.17,0.54,0.08,0.9,0.89,0.62,0.4,0.3,-0.5,-0.76,-0.39,-0.36,1.14,1.26,0.59,0.13,0.87,-0.04,-0.26,0.13,0.34,-0.13,0.1,0.03,-1.43,0.61,-0.25,0.43,1.19,0.26,-0.37,0.5,-2.38,0.29,0.91,-0.03,0.61,-1.16,1.33,0.62,0.65,0.63,0.83,1.19,0.27,-0.08,0.93,-0.52,0.07,-1.61,-0.01,1.83,-0.51,0.59,-0.22,-0.23,-0.22,0.34,-0.65,1.14,-0.11,0.19,0.43,1,-0.31,-0.62,-0.92,-0.57,-0.48,0.57,0.92,1
0.25,-0.2,1.03,-0.7,-0.09,0.16,0.34,-0.16,0.32,0.14,0.43,1.13,-0.25,-0.02,0.36,0.08,0.15,0.1,0.15,-0.7,0.51,-0.13,0.06,-0.23,-0.29,-0.62,0.75,0.21,-0.15,0.24,0.38,-0.04,0.2,0.49,0,-0.04,-0.18,0.24,-0.63,-0.3,-0.73,0.74,1.17,-0.13,0.12,-1.39,-0.09,0.47,-0.42,0.26,0.1,-0.73,0.03,-0.86,0.28,-0.16,-0.09,0.97,0.36,-0.21,0.31,0.17,0.37,0.37,0.4,0,-0.37,0.68,0.69,0.32,-0.65,-0.5,0.59,0.21,0.7,1.26,0.34,0.42,0.44,0.19,0.98,0.03,0,0.22,-0.23,2
-0.45,-0.55,0.02,-0.37,-0.28,-0.63,-0.29,-0.27,-0.03,0.56,-0.06,0.72,-0.16,0.18,0.24,0.04,-0.06,0,0.97,0.42,-0.44,-0.74,0.37,-0.27,-0.36,-1.2,-0.39,-0.91,0.33,-0.15,-0.24,-0.52,0.01,-0.6,0.35,-0.77,0.59,0.49,-0.71,0.42,-0.56,0.32,-0.07,-0.4,0.15,1.82,0.11,-0.25,0.13,-0.5,-0.26,-1,-0.08,1.77,0.96,-0.63,-0.47,0.15,0.26,0.24,-0.17,0.5,-0.12,0.04,0.08,-0.24,-1.5,-0.72,1.27,0.01,-0.55,0.79,0.22,0.2,0.5,1.79,-0.28,-0.41,-1.8,0.71,0.73,1.04,-0.56,-0.24,-0.33,2
-0.17,-0.28,0.36,-0.55,0.43,0.02,-0.02,-0.73,-0.22,0.44,0.46,1.51,0.01,0.49,-0.02,0.16,-0.52,-0.76,-0.11,-0.2,-0.48,-0.36,1.38,-0.2,-0.76,-0.45,-0.4,-1.6,0.22,-0.09,-0.41,0.22,-0.16,-0.86,-0.23,-0.26,-0.07,0.07,0.08,0.08,0.18,0.32,-0.37,-0.25,0.14,2.18,1.55,0.02,1.15,0,-0.61,-0.21,-0.48,0.59,0.24,-1.23,-0.42,-0.54,-0.24,0,-0.29,0.36,-0.37,0.99,-0.01,-0.07,1.13,-1.17,-0.31,-0.13,-0.92,-0.38,-0.89,-0.05,0.37,0.65,-0.86,-1.29,-0.99,0.93,0.23,0.94,-0.28,-1.04,-0.62,2
0.38,-0.49,-0.35,0.44,0.65,-0.09,-1.13,0.58,1.22,0.25,0.7,-0.79,-2.19,0.86,-0.48,-1,1.53,0.1,-1,0.09,0.82,-1.18,0.54,0.76,0.43,-0.44,-0.06,-0.62,-0.65,0.91,-0.19,0,-0.59,-0.4,-1.18,0.65,0.19,0.1,-0.47,0.72,-1.15,-0.42,0.08,-0.34,-0.13,0.14,-0.48,-0.23,0.02,0.08,-0.01,-0.3,0.52,0.26,0.5,0.21,-0.67,-2.16,0.68,-0.47,-0.44,-0.46,0.48,0.48,0.32,1.22,-0.34,-0.25,0.06,0.27,0.04,-0.57,-0.21,-0.42,0.02,-0.24,-0.41,-0.56,0.46,0.35,0.19,0.09,-0.56,-0.08,0.03,2
0.11,0.19,-0.03,-0.4,0.25,-0.06,0.46,0.06,0.75,-0.55,0.59,1.01,0.35,-0.25,0.87,-0.2,0.35,-0.18,-0.39,-0.32,0.06,-0.17,0.71,0.33,-0.5,-0.34,0.3,0.13,0.33,0.22,-1.01,0,-0.21,0.45,0.47,0.26,-0.22,0.65,-0.15,0.17,-0.34,-0.34,0.68,-0.21,-0.14,-2.02,0.28,-0.17,0.95,-0.15,-0.14,-1.03,-0.25,-1.12,-0.87,-0.26,-0.75,0.56,0.51,0.33,-0.59,0,-0.46,0.59,0.22,0.2,-0.01,0.54,0.59,-0.05,0.6,0.21,0.65,0.47,0.67,-0.65,0.4,0.11,0.4,-0.08,1.57,0.99,1.02,-0.7,0,2
0.37,-0.71,0.41,-1.08,-0.16,-0.27,0.61,0.01,0.59,-0.92,-0.16,1.15,-0.36,0.22,0.85,0.04,0.29,0.21,0.21,-0.67,-0.71,0.69,0.47,-0.84,-0.12,-0.21,0.55,-0.03,-0.39,-0.09,0.29,-0.26,-0.21,0.85,0.19,0.27,0.11,0.46,-0.28,0.36,-0.1,0.46,0.44,0.15,0.31,-1.43,-0.33,-0.23,-0.23,-0.04,-0.13,-0.09,-0.17,-0.59,0.33,0.12,-0.21,0.05,0.52,0.19,0.53,-0.18,0.7,-0.33,0.72,0.35,-0.19,0.39,0.92,-0.22,0.03,-0.91,-1.27,0.23,1.28,-0.58,0.26,0.68,0.2,0.54,0.36,0.68,0.13,0.23,-0.17,2
-0.47,-0.88,-0.22,-0.6,0.28,-0.15,0.35,0.49,0.98,0.22,0.65,0.59,-0.84,0.51,0.47,0.47,0.47,0.08,0,-1.09,0.32,-0.67,1.09,-0.81,-0.18,-0.31,0.55,-0.21,-0.33,0.23,-0.23,-0.64,0.56,-0.35,-0.05,-0.05,-0.23,0.19,-0.55,0.11,-0.69,0.4,0.69,-5.17,0.2,-0.69,-1.63,0.31,0.73,-0.53,0.2,-1.6,-0.07,-0.78,-0.29,-0.03,-0.63,0.65,0.67,0,0.28,0.09,2.26,0.45,0.91,0.9,-1.54,0.44,-0.4,0.34,-0.05,-1.08,-0.62,0.31,-0.36,-0.04,-0.02,0.54,-0.67,0.91,1.02,0.83,0.53,0.78,0.51,2
-0.39,-0.37,0.04,-1.11,-0.24,-0.73,0.37,0,0.01,-0.59,-0.27,1.26,-0.77,0.24,-0.02,0.09,-0.32,-0.56,1.79,-0.22,-0.43,0.19,0.75,-5.37,-1.02,-0.99,-0.07,-1.63,-1.02,-0.46,0.06,-1.64,0.26,0.11,0,-0.61,-1.11,0.33,-1.45,-0.02,-0.34,-1.03,-1.58,-0.72,-0.95,1.39,-0.18,-0.65,-0.29,0.05,-0.84,-2.23,-0.62,1.08,-0.44,-0.55,-0.83,0.91,0.48,0.78,0.65,-0.46,-0.69,-0.42,0.01,0.12,-0.84,-0.65,-0.67,-0.6,-0.57,-1.29,-0.11,-0.46,-0.98,1.05,-0.37,0.12,0.13,0.15,0.17,1.26,-0.14,0.3,-0.31,2
-0.25,-0.32,-0.25,-0.62,-0.29,0.31,0.46,-0.31,0.33,0.75,-1.36,-3.87,-0.18,-1.11,0.2,-0.95,0.23,-0.31,0.9,-0.33,-0.44,0.31,-1.69,-0.28,0.21,0.33,-0.17,0.66,-0.59,-0.26,-0.35,-1.22,1.08,-0.27,-1.5,-0.23,-0.15,-0.11,-0.07,-0.53,-0.21,-0.09,0.34,-0.09,-0.11,1.37,-0.68,-0.35,0.29,0.41,0.25,0.76,-0.17,0.85,0.35,0.26,1.19,-0.17,0.67,0.05,-0.02,0.7,-0.16,0.53,-0.17,0.55,-0.47,0.54,0.12,0.49,0.31,-0.57,1.87,0.75,-0.28,0.56,0.14,0.26,-0.33,0.54,0.07,0.35,0.27,0.21,0.33,1
-0.1,-0.15,-1.69,0.1,1.06,0.53,-0.91,-0.76,-0.29,-3.59,-2.19,-2.11,0.69,0.32,0.07,0.18,-0.01,0.69,-0.8,0.53,0.44,1.1,-0.3,-1.48,0.2,-0.37,0.29,1.28,-0.19,1,1.13,0.09,0.23,0.75,-0.79,-1.52,0.12,-0.57,-0.74,-0.26,0.5,0.84,-0.14,-0.28,-0.44,1.49,-1.52,-0.02,0.73,-0.15,0.31,0.39,0.11,-0.28,-0.38,0.6,0.55,-0.11,-0.25,-0.65,1.52,-1.39,-0.29,0.43,0.08,0.14,-0.19,-0.09,0.12,-4.97,-0.68,-0.25,-1.08,1.19,-0.42,-1.27,0.09,0.02,-2.07,-0.83,-0.46,0.71,0.56,0.38,0.88,1
-0.69,2.45,-1.2,1.75,-1.41,1,-1.8,-0.19,-0.01,-1.91,0.78,2.42,0.26,1.17,-0.76,-1.57,-1.8,-0.1,-0.99,1.12,0.14,0.65,-0.87,-0.92,1.44,0.84,-1.49,0.12,0.46,-1.28,-0.13,-0.6,-2.42,0.13,-0.31,1.72,0.16,2.09,0.26,-0.5,2.96,-0.93,-2.11,-1.44,3.13,-0.07,3.3,-0.06,-1.39,-0.86,2.99,1.34,-0.22,-1.27,-0.5,1.21,1.07,0,-1.55,-1.19,0.28,-2.87,-0.27,-0.13,-0.77,-0.91,3.21,-1.12,-0.43,0.25,0.63,0.85,-0.86,1.25,2.93,-0.58,-0.96,-0.56,1.52,-3.15,-1.02,-0.86,0.26,-1.65,0.84,1
0.27,1.26,-0.15,1.63,1.01,1.25,0.33,0.35,-1.23,0.45,-0.35,1.42,-0.55,0.03,0.91,1.15,0.05,-0.1,0.25,0.35,-0.65,-0.26,1.51,1.24,0.67,0.22,0.25,-0.24,1.49,-0.25,0.3,1.05,1.09,-0.78,-1.94,-0.25,0.21,-1.03,2.48,0.21,0.37,0.09,-1.65,0.15,1.11,-0.07,0.07,0.78,0.38,-0.07,0.84,0.77,0.85,-0.16,0.15,0.21,0.65,-0.34,0.1,0.51,0.02,-0.55,0.07,1.07,-0.28,-0.56,-0.26,0.69,-0.4,1.02,-0.08,-0.25,0.36,-1.08,1.71,-0.91,1.03,0.09,-0.3,0.43,-0.3,-0.14,-0.25,1.12,-0.15,1
0,-0.37,-0.37,-0.11,0.68,-0.23,-0.46,-0.25,-0.21,2.32,-1.3,-2.49,1.04,0.24,0.01,-0.48,-0.14,0.19,-0.36,-0.47,0.04,-0.3,-0.11,-1.13,0.21,0,0.95,0.25,0.16,0.05,0.62,0.2,1.31,-0.05,0.17,-0.66,0.05,-0.59,-0.36,0.13,0.23,-0.25,1.05,-0.32,-0.55,0.34,-0.46,-0.24,-0.08,0.39,0.54,0.35,0.24,0.26,-0.52,-0.15,0.91,-0.57,0.45,-0.13,0.61,-0.14,0.46,0.66,-0.22,0.23,0.56,-0.42,0.14,0.15,0.02,-0.03,1.22,0.41,0.33,-0.87,0.03,-0.32,0.48,-0.11,0.54,0.12,-0.55,-0.14,0.3,1
-0.76,0.5,-1.04,-0.63,-0.03,0.07,0.02,-0.08,0.42,0.8,-2.42,-4.24,0.92,-0.34,-0.16,-0.27,0.21,-0.21,1.17,-0.89,-0.45,0.07,-1.67,1.32,0.01,-0.08,-0.82,-1.77,-1.95,-0.34,-0.24,-1.08,2.05,-0.14,0.83,-0.71,-0.59,-0.96,-0.18,-1.56,0.09,-0.44,0.81,0.41,-1.07,1.52,-2.14,-1.31,0.53,0.22,0.3,0.27,-0.73,1.66,0.2,0.3,0.37,0.02,0.25,0.06,1.06,0.18,1.02,-1.07,-0.52,0,-0.19,0.45,-1,-1.43,0.8,-0.8,2.71,0.15,-0.63,0.44,-0.14,0.26,0.76,1.08,-0.19,0.01,0.4,1.08,0.09,1
-1.32,1.58,-2.08,0.64,-0.58,-0.22,-2.02,-0.2,0.05,-1.42,1.71,4.69,-0.12,-0.14,-1.08,0.28,-1.09,0.04,-0.58,-0.07,-0.56,-0.53,-0.01,-0.4,1.79,0.37,-2,1.78,1.99,-0.9,2.1,-0.1,-2.17,0.7,-0.97,1.85,0.86,1.59,0.54,0.57,3.06,-0.79,-1.49,0.34,3.77,-0.56,2.79,0,-1.31,0.56,0.65,2.75,-0.36,-1.31,-0.72,1.9,-0.22,0.47,-0.69,-0.19,-2.14,-1.46,0.48,-0.94,1.18,-0.9,0.68,-0.71,-0.58,-0.25,0.85,-0.69,-0.81,-1.23,1.86,-0.74,0.17,-0.91,-0.09,-2.08,-2.36,0.14,-0.77,-1,-0.31,1
0.42,-0.04,-1.47,0.47,-0.12,0.54,-1.89,-0.04,1.13,-0.59,1.06,0.05,1.74,0.96,-0.98,0.08,-0.91,-0.67,-1.5,0.01,1.2,0.69,-1.4,-0.39,1.74,0.5,-2.67,-0.04,2.91,-1.67,0.28,0.23,-2.42,0,1.04,0.86,0.83,1.06,0.65,-0.63,2.08,-0.75,-3.19,-0.78,3.07,-1.41,3.48,-0.04,-1.18,-1.63,-0.46,0.89,0.64,-0.97,0.04,2.13,-0.07,1.16,-1.36,-0.15,-1.87,-1.25,1.08,0.78,0.15,-1.15,1.18,-0.78,-0.44,0.4,0.59,2.18,-1.3,-1.73,3.78,-0.72,0.68,0.36,1.42,-1.64,-1.03,-0.44,-0.42,-1.02,-0.44,1
0.32,1.9,-0.35,0.81,-0.09,-0.34,-0.31,0.19,-1.17,0.34,0.29,-1.06,0.13,0.34,0.43,-0.02,0.19,0.4,-0.32,0.66,-1.1,-0.71,0.48,-0.52,0.41,0.01,-0.75,-0.06,1.01,-0.15,0.06,0.96,1.16,-0.5,-2.23,0.03,-1.55,-0.89,3.01,0.18,-0.24,-0.2,-2.16,0.81,-0.64,0.56,0.68,0.12,-0.36,-0.68,-0.12,0.58,-0.08,0.85,-0.49,-0.01,0.11,-0.84,1.03,0.33,0.52,0.63,-0.11,0.05,-0.39,-0.04,1.13,2.73,0.65,1.64,0.93,0.8,0.74,-0.47,0.75,-0.13,1.2,-0.52,-0.68,0.52,0.4,-0.2,0.43,0.56,0.32,1
0.66,1.42,0.45,0.12,0.24,-0.56,0.25,0.07,-0.44,0.48,-0.19,-0.4,-0.19,0.22,0.67,-0.37,-0.1,0.12,-0.3,0.51,-0.44,0.02,0.9,2.29,0.52,-0.13,0.23,0.49,1.22,0.66,0.08,-0.86,1.13,-0.2,-1.88,0.17,0.29,-0.39,2.83,-0.26,0.15,0.37,-1.22,0.85,-0.3,0.39,0.49,0.51,-0.36,0,0.08,0.45,0.6,0.51,0.41,-0.1,-0.6,-0.8,-0.48,-0.05,0.17,-0.09,-1.21,-0.25,-0.55,-0.61,-0.11,2.44,0.11,0.31,0.65,0.28,0.51,-0.78,0.57,0.73,1.46,-0.24,-0.7,0.22,-0.78,-1,-0.2,1.27,-0.1,1
-0.83,-0.16,0.54,-0.42,-0.09,-0.62,0.17,-0.04,0.32,0.53,-0.1,0.59,0.59,-0.08,0.37,-0.85,0.08,-0.37,0.22,-1.08,-2.18,0.26,0.33,-0.31,-0.09,0.29,0.16,-0.02,-0.05,0.12,-0.73,0.1,0.26,0.05,-0.66,0.63,-0.52,0.33,-0.43,0,-0.53,0.26,0.18,0.9,-0.24,-0.76,0.74,-0.27,0.87,-0.58,-1.08,0.01,-0.48,-0.83,-0.29,-0.11,-0.42,-0.05,0.39,-0.01,0.74,0.41,-0.15,0.48,0,-0.03,1.87,-0.54,0.26,-0.48,-0.22,-0.31,0.52,0.03,0.45,0.37,0.18,-0.38,0.16,0.24,0.75,0.75,0.22,-0.62,-0.25,2
0.1,-0.2,0.34,-0.26,0.11,-0.2,0.56,0.36,0.52,-0.35,1.18,0.56,-0.57,0.18,0,-0.07,0.29,-0.25,-0.08,-0.62,-0.2,0.06,0.68,0.1,0.22,-0.25,0.27,-0.29,-0.19,-0.06,0.23,0.11,-0.18,0.2,-0.25,-0.26,0.34,0.15,-0.67,0.44,-0.37,0,-0.19,0.09,0.57,0.61,0.75,-0.37,-0.05,-0.22,-0.42,-0.07,-0.24,0,-0.18,-0.13,-0.32,0.68,0.4,-0.16,0.82,0.08,0.06,0.57,0.22,-0.07,-1.65,0.14,0.79,0.34,0.08,-0.23,-0.29,-0.09,0.85,-0.56,-0.04,-0.05,1,0.79,0.75,0.37,-0.23,0.08,-0.1,2
-0.83,-1.67,1.89,-0.62,0.54,-1.01,0.15,0.92,0.84,0.8,1.11,0.21,-0.86,0.44,0.15,-0.39,0.47,0.96,3.29,-2.48,0.14,-0.37,0.41,0.08,0.52,-0.7,0.03,-1.39,-0.94,-0.1,-0.36,-0.18,-0.27,0.28,0.41,-0.19,0.08,-0.54,-1.46,-0.44,-0.77,1.16,-0.04,-1.54,-0.26,0.48,-2.71,-0.72,0.56,-1.1,-0.63,-0.07,0.26,0.68,0.76,-0.04,-1.47,0.56,1.18,0.97,-0.67,2.13,0.61,-0.41,0.85,0.77,-1.13,0.77,0.73,0.31,0.33,-0.48,1.42,0.64,-0.68,0.32,0.21,0.98,-0.43,0.37,0.62,-0.86,-0.49,0.07,-0.3,2
0.45,1.01,0.75,-1.11,-0.4,-1.02,-0.15,-0.35,0.14,0.48,0.17,1.58,-0.29,-0.31,0.46,0.15,0.13,-0.83,-0.18,-1.07,0.09,0.09,-0.68,-0.65,-1.05,-0.42,0.57,0.05,0.64,0.03,0.22,0.19,-0.18,0.04,-1.23,0.46,0.44,0.39,2.59,-2.09,0.79,-0.64,-1.49,2.28,-0.64,0.68,0.6,0.04,0.56,0.85,-0.73,-0.48,-0.6,0.19,0.52,-0.77,-0.77,0,0.09,0.02,0.31,1.15,-0.3,0.03,0.22,-0.45,0.05,2.32,-0.19,-0.1,-0.26,0.02,0.53,-1.16,-0.37,0.72,1.03,-0.09,-1.64,-0.18,1.1,0.64,0.12,-0.52,-0.16,2
0.17,-0.04,0.43,-1.13,-0.47,-0.61,0.15,0.11,0.16,-1.74,0.08,1.35,0.87,-0.15,0.67,-0.09,0.07,-0.56,-0.91,-1.16,0.06,0.35,-0.39,-1.65,0.17,-0.29,0.27,0.25,-0.37,0.16,-0.26,-0.37,0.27,0.29,0.47,-0.34,-0.53,0.27,-0.96,0.57,-0.46,-0.19,0.05,-0.02,-0.08,-1.26,0.16,-0.1,0.3,0.18,-0.6,-0.48,-0.08,-0.53,0.37,-0.39,-0.99,0.56,1.03,0.26,-0.39,-0.08,0.49,-0.47,0.34,0.21,0.5,0.36,0.57,0.01,-0.12,-0.44,1.13,0.3,0.65,1.11,-0.03,0.23,-0.2,0.69,1.01,0.29,-0.09,-0.44,-0.01,2
0.35,0.5,0.87,-1.36,0.44,-0.82,-0.04,-0.11,-0.71,-0.75,0.35,3.73,1.01,0.53,1.18,0,-0.98,-1.31,-0.17,-1.28,0.96,-1.09,0.2,-2.15,-0.65,-1.81,-0.65,-1.47,2.81,-1.17,-0.69,-0.84,-1.36,-0.79,0.94,-0.69,-0.41,-0.3,-1.63,0.36,1.55,1.49,-0.22,-1.18,0.17,0.62,1.99,1.69,0.36,-0.72,0.06,-3.78,-0.91,0.52,-0.33,-1.46,-1.81,0.38,-0.06,1.1,-0.77,2,-0.9,1.59,-0.52,-0.97,0.01,-0.44,0.72,1.59,-0.27,1.63,-0.09,0.97,0.78,-1.16,-0.63,-0.06,-0.43,0.59,0.6,0.56,-0.08,-1.3,-0.81,2
-1.51,3.32,-1.48,2.29,-1.21,1.62,-1.6,-1.52,-1,-1.15,0.32,3.86,0.01,-1.55,-0.45,-0.98,-2.85,-0.28,-0.56,1.8,0.67,1.58,-1.27,-0.97,1.69,0.21,-1.61,1.57,0.84,-2.02,0,-0.5,-3.22,1.87,-0.41,1.37,0.74,-1.08,-0.45,-1.63,2.56,-1.54,-3.24,-1.2,4.27,-0.81,4.06,-0.9,-1.84,0,2.8,0.84,-0.43,-1.94,-0.55,1.37,1.1,0.18,-1.48,-1.4,-2.81,-5.81,0.66,-1.57,-0.21,-1.77,1.99,-1.21,-0.49,-4.25,-0.01,0.99,-1.24,-1.07,2.58,0.26,0,-0.83,0.54,-1.85,-1.99,-1.02,1.16,-1.02,-1.03,2
1.2,0.02,0.03,2.48,-0.84,2.28,-1.5,0.17,1.16,-1.65,0.46,2.03,0.19,0.3,-1.34,-0.86,-2.37,-0.4,-0.84,1.74,0.73,1.44,-1.22,-1.14,2.5,-0.65,-1.31,1.2,0.71,-1.19,0.75,-0.59,-2.35,1.39,0.53,1.32,-0.06,0.58,-0.03,0.75,3.21,-0.26,-1.83,-0.96,1.8,-0.11,3.87,-1.07,-1.3,1.3,1.75,1.46,-1.71,-2.13,-1.2,2.37,0.25,1.35,-1.81,-0.88,-1.92,-3.67,0.94,-1.24,-0.47,-1.94,1.38,-1.52,0.13,-0.33,-1.62,2.51,-1,-1.42,1.46,0.38,-0.47,-0.41,1.38,-0.43,-1.46,-1.22,-1.81,-1.54,-1.74,2
0.5,0.46,-1.47,0.81,0.43,0.5,0.27,0.6,-1.3,0.49,-3.82,-0.22,-2.31,-1.07,-0.61,-0.06,0.31,0.15,0.38,0.68,0.6,0.48,-0.87,1.17,-0.12,0.3,-0.28,-0.25,0.12,0.14,0.68,1.83,-0.4,-0.13,0.95,-0.02,-0.56,-0.33,-0.18,-0.06,0.58,0.74,-0.29,0.64,0.47,-0.61,-0.61,-0.93,0.29,0.44,0.58,0.2,1.12,-0.66,-0.22,-0.04,0.49,-0.03,0.34,0.14,1.87,-0.12,-0.31,-2.84,-1.27,0.28,1.31,0.07,-0.91,-3.89,0.15,0.56,-0.01,0.74,-0.55,0.27,0.07,-0.26,0.19,-0.43,-1.22,-0.06,0.51,0.24,1.02,1
-1.86,0.82,-0.35,-0.67,-0.05,0.86,0.3,0.27,0.12,2.14,-2.03,-3.03,0.3,-0.25,-1.88,-3.01,0.57,0.5,0.88,-0.87,-0.43,-0.38,-1.58,-4.81,0.65,0.62,-0.76,-1.3,-2.1,-0.06,-0.01,-0.55,2.14,-0.5,-0.15,-1.16,0.13,-1.29,0.99,0.76,0.1,0,0.22,0.72,-0.25,1.15,-1.05,-1.74,-0.39,0.49,0.11,0.71,-0.59,0.47,0.23,-0.04,-0.08,-2.21,-1.27,-2.06,-1.31,-0.67,1.12,-2.21,-0.23,-1.55,-1.17,0.14,-2.15,-1.3,-1.15,0.68,0.65,0.31,-1.11,0.7,-0.67,0.34,-3.59,0.36,-1.5,-0.33,-1.12,-1.1,-0.55,1
-0.57,0.1,-0.61,2.07,1.35,2.89,0.93,0.1,0.42,-0.32,-1.54,-1.51,0.33,-1.22,0.26,1.47,0.36,0.1,-2.37,-0.23,0.81,-2.31,2.37,2.28,1.43,0.01,-0.64,0.34,-0.96,0.5,0.69,-0.14,-0.37,-0.29,1.78,-1.63,-0.11,-0.2,-0.16,0.34,0.87,0.96,-0.66,-0.01,0.4,0,-1.09,0.75,0.03,1.03,1.35,-1.12,1.31,0.68,-0.78,0.44,-2.2,-0.32,0.31,-0.44,-2.98,-2.85,-1.36,1.54,0.49,-0.22,-0.58,-0.18,-0.65,-2.15,-0.27,-0.38,-0.63,-0.67,-0.67,-0.57,-0.22,0.09,-0.41,0.59,0.63,-0.29,0.38,1.69,0.79,1
-0.02,3.26,-0.61,1.58,-1.54,0.88,-1.64,0.08,1.75,-0.4,0.86,1.14,1.45,0.33,-2.42,0.37,-0.49,0.04,-1.05,0.91,1.2,1.81,-1.27,-0.9,0.21,1.06,-1.37,0.57,-0.99,-1.38,1.18,-0.21,-2.7,0.26,1.92,1.32,1.66,1.08,0.4,0.56,4.03,0.38,-2.38,1.93,3.07,-0.41,2.97,-1.65,-1.27,0.88,-2.53,-0.18,-0.15,-1.35,0.25,0.48,2.59,1.34,-1.19,-0.83,-1.09,-4.16,-0.12,0.05,0.68,-1.9,0.78,-1,-1.39,0.22,0.56,1.47,-3.27,-0.22,3.61,-0.32,0.56,-0.14,1.25,-3.31,-0.51,-0.47,-0.22,-1.13,1.18,1
-0.11,-0.35,0.68,-0.66,-0.29,-0.64,1.61,0.19,-0.31,-0.82,-1.03,-4.29,0.21,1.51,0.26,-1.02,0.03,0.14,0.21,-0.24,0.1,0.36,-0.84,-0.53,-0.29,-0.38,0.23,0.29,-0.4,0.47,0.59,-0.46,0.86,0.69,-0.31,-0.39,-0.18,0.25,0.47,-0.15,0.38,0.73,0.79,-0.08,0.14,-1.32,0.99,0.31,0.44,0.14,-0.41,1.54,0.52,-0.92,-1,-0.2,0.68,1.1,0.21,0.38,0.23,0.09,0.24,-0.37,0.11,-0.45,1.56,-0.14,-0.75,-0.23,-0.09,-0.21,-0.67,0.81,0.19,-0.77,0.09,0.41,0.14,0,0.65,0.45,0.23,-0.04,0.17,1
0.11,-0.33,0.87,0.68,0.64,-0.09,0.84,0.61,-0.52,1.33,0.3,1.67,0.37,0.75,0.49,0.65,0.07,-0.53,-0.65,0.85,1.09,0.51,0.24,1.86,-0.11,-0.15,0.79,0.32,0.9,0.96,0.59,0.96,0.53,0.19,0.36,0.13,-0.24,0.47,-0.25,0.67,0.46,0.48,0.21,0.49,0.22,-1.38,0.96,0,-0.1,0.61,0.56,-0.84,0.15,-1.09,-0.3,0.51,0.62,0.74,-0.92,0.07,0.85,-0.42,-0.58,0.51,-0.22,1,0.37,-0.32,-0.03,-0.26,0.65,-0.41,-0.48,0.15,-0.61,0.32,0.01,0.7,0.13,-0.26,-0.32,-0.81,-0.34,0.48,0.11,1
-6.74,-1.11,-5.64,-0.53,0.37,0.92,-0.13,0.39,-1.12,0.93,-0.01,-2.5,0,-2.17,-0.3,0,-0.38,0.98,2.26,0.02,-0.42,-0.06,-1.22,0.05,-0.01,-0.57,0.93,1.04,-0.64,-0.08,0.5,-0.01,-1.4,-0.44,1.19,-0.75,-0.01,-0.35,0.49,0.03,1.17,0.22,1.64,-0.89,-2.01,1.37,0,-0.43,-3.41,0.54,0.27,0.22,0.78,1.37,0.27,0.77,0.33,-1.09,-0.98,-1.85,-2.15,-1.36,2.79,-6.07,-1.02,0,-0.07,-0.99,0,-1.87,0.19,0.03,-0.04,-0.28,0,0.52,-0.3,0.25,-3.92,-1.79,-1.38,-0.6,-0.24,1.37,0.94,1
-0.91,3.06,-2.12,0.94,-0.63,0.15,-1.02,0.71,0.35,-0.53,1.04,1.29,0.47,1.11,-1.9,-0.27,0.19,-0.19,-1.39,-0.19,0.54,1.98,-0.65,-0.55,0.68,1.12,-0.82,1.19,0.04,-0.32,0.79,-0.38,-2.04,0.04,0.1,0.74,0.49,1.97,0.5,0.72,1.28,-0.08,-1.19,-0.12,3.4,0.18,1.8,-0.04,-0.74,0.42,0.31,-0.95,0.14,-0.98,0.47,-0.68,-0.08,0,-0.58,-0.52,-0.85,-1.07,0.48,0.68,-0.68,-0.85,0.57,-0.41,-0.18,0.12,1.25,2.42,0.14,0.14,1.85,0.18,0.61,0.18,0.27,-2.32,-0.48,-0.28,0.25,-0.49,0.85,1
-0.11,0.09,-1.15,0.44,-1.12,1.95,-1.94,0.13,1.56,-0.77,0.9,-0.14,0.86,0.23,-0.38,-0.41,-1.75,-0.05,0.17,1.78,0.23,0.71,-1.01,-0.52,1.86,0.72,-0.82,0.81,1.05,-1.1,0.28,-0.26,-3.2,-1.2,1.07,1.48,-0.87,0.83,0.24,-0.1,1.93,-1.46,-2.1,-0.34,3.58,0.04,0.13,-0.21,-1.18,-0.04,-0.42,1.78,0.09,-1.75,0.08,2.04,-0.06,0.86,-1.22,-0.51,-3.36,-2.79,1.96,1.37,-0.03,-1.25,-1.46,-0.72,-0.63,1.63,-0.49,-1.22,-1.85,-1.45,3.21,-1.43,1.06,-0.17,-3.14,-1.16,-1.69,-0.22,-0.03,-4.01,-0.32,1
0.02,1.47,-0.66,1.89,0.03,1.3,-1.06,-1.33,-0.01,-2.04,1.01,0.05,1.34,-1.41,-0.64,-0.1,-0.77,0.15,-0.41,0.07,0.67,3.08,-0.5,0.07,-2.36,1.05,-1.24,0.61,-1.01,-0.09,-0.15,0.74,-2.42,0,-1.6,0.61,0.63,1.68,0.89,0.45,-0.29,-0.79,-3.51,-0.9,2.38,0.28,4.28,1.02,-0.25,0.3,-0.01,0.36,-0.08,-0.59,0.01,0.47,0.35,0,-1.73,0.1,-1.75,-1.05,1.74,0.72,-1.19,-1.43,0.84,0,-0.18,1.38,1.08,7.19,-0.33,0.59,1.09,-0.4,3.46,0.26,1.64,-1.43,-0.79,-0.54,0.46,0.01,0.94,1
-0.56,2.51,-0.79,1.65,-1.19,1.61,-2.1,-0.99,1.46,-1.51,0.37,2.14,1.08,1.77,-0.71,-0.82,-3.2,-0.21,-0.53,2.47,0.92,1.71,-1.53,-1.78,1.59,0.39,-2.5,-0.11,-0.04,-1.76,1.46,-0.07,-3.72,-0.28,-0.5,1.45,1.07,2.13,0.77,0.42,2.23,-1.14,-3.8,-0.73,1.2,-0.32,2.08,-0.19,-1.12,0.75,3.99,1.46,-0.57,-2.55,-0.87,1.55,1.45,0.88,-1.36,-1.1,-2.45,-2.03,1.47,-0.09,-0.1,-1.56,0.81,-1.62,-0.56,1.17,-0.49,0.79,-1.67,-1.13,3.01,0.53,1.12,-0.13,1.59,-1.06,-1.19,-0.96,0.05,-1.43,-0.27,2
1.58,-0.73,0.1,0.6,-0.07,-0.04,-0.51,-0.14,-0.16,0.2,-0.36,1.93,-0.65,0.14,0.25,-1.02,0.27,-0.79,-0.39,-0.41,-0.37,-0.17,0.32,0.18,-0.53,0.11,-0.28,-1.26,0.37,-0.43,-0.4,0.91,-1.62,0.13,-0.29,-0.15,-0.86,2.04,-0.36,-0.48,-0.72,-0.13,0.62,-0.19,-0.58,-0.21,0.18,-0.52,-0.98,-0.16,-0.36,-0.77,-0.12,0.08,0.55,-0.48,1.29,-2.59,-1.38,-0.58,-0.1,0.87,-0.41,0.13,0.23,1.07,-0.95,-0.15,0.07,-0.27,-0.21,0.07,1.09,0.4,0.77,-1.69,0.34,0.05,-0.09,0.56,0.75,-2,0.46,0.53,-0.14,2
-1.36,4.15,-0.81,1.41,-1.77,-0.04,-1.9,-1.17,-0.66,-1.85,0.47,2.03,1.63,-1.31,-1.35,-1,-2.48,4.14,-1.08,1.65,0.46,1.04,-1.54,-0.65,1.2,1.19,-1.59,0.49,0.35,-1.46,-0.06,-0.58,-3.74,-0.13,0.96,1.46,0.67,-0.26,0.97,-2.06,3.57,-1.29,0,-0.99,3.36,-0.44,3.54,0,-1.14,-0.19,2.06,2.17,0.11,-2.55,-0.12,1.18,0.67,-0.17,-1.09,-1.98,-2.48,-2.94,1.42,-0.91,-0.36,-2.62,1.29,-1.84,0.11,-0.29,-0.07,0.92,-1.28,-1.36,3.25,0.29,-0.59,0.23,1.84,-2.93,-1.29,-0.96,0.18,-1.71,-1.28,2
0.2,-0.48,0.2,0.25,-0.1,-1.38,0.6,0.08,0.83,0.43,2.02,0.28,-0.33,0.63,0.03,0.06,0.09,0.08,1.16,-0.17,-0.29,-0.35,1.43,1.25,0.13,-0.39,-0.65,-0.76,0.13,-0.15,-0.72,0.42,0.11,0.2,-0.66,0.73,0.25,0.38,-0.49,0.12,-0.32,-0.09,0.18,0.2,0.49,-0.01,0.25,0,1.46,-0.43,-0.49,-0.54,-0.3,-1.16,-0.29,-0.43,-0.7,0.03,0.77,-0.05,-0.15,0.11,-0.06,-0.02,-0.1,-0.32,-1.07,-0.29,0.89,1.2,0.25,0.25,-0.77,0.04,0.83,-1.1,-0.17,-0.52,-0.32,0.47,-0.06,-0.51,-0.11,-0.53,-0.1,2
-0.51,-0.78,0.29,-0.83,-0.21,-0.28,0.06,-0.74,0.22,0.18,-0.68,1.45,0.27,-0.08,0.51,-0.02,-0.04,-0.29,0.02,-1,0.2,0.21,-0.23,-2.01,-0.35,-0.53,0.46,0.15,-0.33,-0.16,-0.12,-0.33,0.52,-0.27,-0.09,-0.17,-0.35,0.32,-0.74,-0.25,0,0.68,0.33,-0.46,0.16,-1.39,0.26,0.29,-0.38,-0.14,-0.03,-0.68,-0.52,-0.7,-0.28,-0.24,-0.04,0.85,0.15,0.36,0.53,0.85,0.69,0.8,0.21,-0.23,-0.56,0.14,0.57,0.43,0.21,0.03,0.25,0.16,0.67,1.44,0.46,0.61,0.25,0.49,0.6,0.59,0.22,0.38,0.01,2
0.2,-0.39,0.73,-0.74,-0.46,0,0.27,-0.4,0.64,0.95,0.44,1.7,-0.16,-0.2,0.94,0.02,-0.43,-0.65,-0.07,-1.06,-1.84,0.34,-0.63,-1.03,-0.82,-0.37,0.61,-0.1,0.56,0.12,-0.44,-1.38,-0.65,0.37,-0.19,0.45,-0.71,0.44,-0.55,-0.16,-0.41,-0.26,0.47,0.47,-0.5,1.3,0.2,0.27,0.58,-0.36,-0.35,-0.08,-0.4,0.91,1.08,-0.33,-0.59,0.84,0.01,0.14,0.55,-0.16,-0.18,-0.31,-0.38,-0.61,0.18,0.31,0.77,0,-0.42,0.42,0.14,-0.07,0.43,-0.08,0.08,0.2,-0.48,0.22,0.49,0.68,-0.36,-0.49,-0.62,2
0.18,-0.04,-0.75,-0.27,-0.37,-0.86,0.5,-0.7,1,-0.51,0.91,0.83,-0.15,-0.87,0.22,0,0.66,-1.64,-0.14,0.02,-0.34,0.78,0.61,-0.14,-0.91,0.4,0.59,-0.04,-0.14,0.26,-0.25,-1.39,-0.25,0.03,-0.42,0.67,0.4,0.74,0.23,-0.37,-0.53,-1.24,-0.33,-0.46,-0.93,1.55,0.46,-0.18,0.95,-0.17,-0.65,0.74,-0.55,1.47,0.27,-0.52,-2.54,-0.19,-0.52,-4.41,0.49,-2.82,-1.65,0.01,-0.68,-0.59,-0.02,-0.03,-0.77,-0.42,-2.04,-0.06,2.27,-0.21,-0.57,1.23,0.28,-0.46,-1.88,-0.25,0.02,0.73,0.35,-2.69,-0.34,2
