a1,a2,a3,a4,a5,a6,a7,a8,a9,a10,a11,a12,a13,a14,a15,a16,a17,a18,a19,a20,a21,a22,a23,a24,a25,a26,a27,a28,a29,a30,a31,a32,a33,a34,a35,a36,a37,a38,a39,a40,a41,a42,a43,a44,a45,a46,a47,a48,a49,a50,a51,a52,a53,a54,a55,a56,a57,a58,a59,a60,a61,a62,a63,a64,a65,a66,a67,a68,a69,a70,a71,a72,a73,a74,a75,a76,a77,a78,a79,a80,a81,a82,a83,a84,a85,a86,a87,a88,a89,a90,a91,a92,a93,a94,a95,a96,a97,a98,a99,a100,a101,a102,a103,a104,a105,a106,a107,a108,a109,a110,a111,a112,a113,a114,a115,a116,a117,a118,a119,a120,a121,a122,a123,a124,a125,a126,a127,a128,a129,a130,a131,a132,a133,a134,a135,a136,a137,a138,a139,a140,a141,a142,a143,a144,a145,a146,a147,a148,a149,a150,a151,a152,a153,a154,a155,a156,a157,a158,a159,a160,a161,a162,a163,a164,a165,a166,a167,a168,a169,a170,a171,a172,a173,a174,a175,a176,a177,a178,a179,a180,a181,a182,class
38.5,77.2,10,10,65.7,12.9,10.4,30.1,418.6,223.3,128.4,52.4,176.6,46.9,10,49.9,36.8,10,10,17.4,18.5,10,41.3,10,23.6,10,64.2,10,10,10,10,50.4,15,13,10,10,88.3,10,152.2,287.1,196.5,84.2,10,14.1,10,16.3,10,10,118.2,10,10,65.5,107.9,13.6,26,10,233.9,10,36.1,10,17.9,10,15,39.4,10,10,10,14.7,10,18.7,152.3,10,10,380.9,10,10,10,14.4,10,13.4,10,10,120.4,10,10,10,38.4,10,11.1,19.1,10,10,10,11.6,16.1,10,10,10,14.2,30.5,20.3,183.5,10,77.3,26,19.8,71.2,213.1,1344.2,26.8,73.5,17.9,10,10,65.8,10,10,10.9,10,10,10,41.2,10,24.5,25.9,14.8,13,790.1,17.5,20.2,10,10,16,14.6,10,10,20.8,226.1,53.3,166.6,78,10,10,10,10,10,29.2,26.6,15.1,10,12.3,10,42.2,10,13.2,10,15.4,19.5,16.4,10,169.6,24,131.1,10,14.9,10,25.8,19.8,368,114.1,21.7,10,10,10,10,52.8,61,10.7,30.5,364,10,10,0
34.6,71,10,38.9,262.7,10.7,10,28,1076.7,949.8,105.8,129.6,273.6,127.3,10,16.1,44.9,41.7,13.6,20.4,141.7,175.1,15.6,10,21.9,10,245.6,179.6,10,12.4,10,75.4,37.9,14.9,10.7,223.2,15.1,10,415.5,415.5,124.9,185.8,10,10.8,10,12.5,10,10,111.4,10,10,240.3,196.7,22.1,10,10,226.5,10,23.3,60.3,79,10,36.5,138.6,19.9,10,10,10,10,17.3,528.3,10,10,313.1,11.1,10,10,10.1,10,10,10,10,574,10,10,10.6,10,33.3,10,33.6,10,10,10,10,23.1,10,10,13.3,16.3,43.1,10,285.3,10,24.3,84.8,160.4,1669.4,597.7,1002.5,269.5,555.7,208.8,11.1,10,85.5,76.2,42.4,10,10,10,10,119.8,10,45.2,112.4,19.1,42,217.4,48,117.5,10,67.6,35.5,50.9,10,10,10,88.4,211.8,10,10,10,10,10,10,103.2,10,20.4,10,12.4,39,10,239.3,10.3,35,30.6,23.2,52.6,46.2,73.5,143.8,20.5,392.1,10,25.9,10,44.5,31,577.8,81.9,32.8,12.4,10,11.7,10,247,181.8,10,46.2,413.8,11.8,10,0
82.7,13.4,31.8,338.4,93.3,810.5,115.8,10,19.6,10,10,21.2,47.5,10,209.4,77.6,37.8,10,14.9,17.8,59.8,150.7,19.8,194.6,167.8,84.9,10.1,73.1,10,213,467.7,81.9,13.1,50.5,24.2,15.1,10,468,10,37,10,18.2,29.2,48.4,61.5,266.8,25,36.9,17.6,27,10,10,10,82.2,10,162.9,10,64.1,14.2,69.9,42.1,85.4,10,13.4,10,69.6,129.5,10,92.4,89.3,10,39.4,63.8,24.2,10,10,146.1,78.1,103.6,20.2,30.4,74.7,10,10,80.3,10,51.8,10,21.8,18.9,11.9,13.4,12.2,90.6,12.1,10,22.7,58.3,140.1,24.7,34.6,10,74.6,58.8,32.3,50.4,10,13,10,150.1,41.6,20.5,10,10,16.3,19.3,14.5,67.2,210.2,10,40.5,10,50.9,260.2,265.1,198.8,179.1,10,292.4,111,783.8,31,143.7,20.7,30.9,302.1,98.4,11.3,10,10,177,27.2,10,54.6,10,18.5,41.7,204.6,54.3,106.4,118.4,26.9,353.2,10,205.3,214.9,86.7,295.3,75.6,171.8,16.1,139.9,10,75.8,65.2,176.2,58,104.6,10,71.1,10,68.2,58.3,10,61.6,10,100.5,58,69.7,62.7,95.6,130.4,0
11.8,24.9,10,18.3,48.5,72.9,10,10,39.5,286.5,719.4,50.6,18.6,221.7,10,13.3,45.3,12.3,171,20.9,10,10,196.3,55.8,11.4,10,12.5,10,10,454.7,10,12.8,10,10,11.9,36.6,14.4,10,10,260.1,10,69.6,10,10,145.3,10,10,44.7,162.1,99.9,10,16.9,10,10,11.9,10,21.1,10,609.7,29.5,10,10,40.1,39.1,10,10,10,140,25.9,10,89.9,39.6,10,250.8,10,10,10,12,10,10,10,10,10,10,10,45.4,105.4,10,10.4,123,10,10,10,10,61.7,10,10,12.8,10.9,10,12,161.7,55.5,11.4,10,10,146.3,607.1,27.6,27,10,21.4,93.2,95,519.8,32.8,15,10,10,60.5,10,57.7,10,10,10,302.7,10,37.7,10,20,10,31.8,10,11.3,10,10,11.4,21.8,38.2,137.7,10,10,10,10,10,28.8,10,10,10,10,10,10,10,60.9,10,10,10,17.1,10,10,158,49.3,76.4,10,21.6,10,10,10,10,10,500.6,10,12.9,10,18.3,31.1,10,10,10,306.2,10,10,0
30.5,117.3,18.4,139.4,917,11.3,10,244.8,173.3,419.3,546,191.5,39.3,76.6,24.8,15.9,55,139.1,23.7,17.3,63.1,100.9,134.8,60,53,10,17.3,72.2,10,13.8,21.7,25.5,13.5,26.9,10,145.2,192.7,10,10,130.1,23.3,137.8,10,10,33.8,11.3,33,16.3,76.1,45.9,10,10.9,30.7,10.7,55.4,10,15.9,10,422.7,22.3,55.2,49.2,32.5,84.7,73.8,10,10,10.9,21.6,14.8,196,13.8,10,280.4,10,10,10,10,10,13.6,10,10,333.1,10,10,38.2,53.9,28.2,76.6,106.6,10,10,10,14.8,70.2,10,10,45.6,14.4,13.3,12.4,182,16.7,44.3,10,21.4,169.4,162.4,101.2,208,16.6,103.1,83.6,65.5,681.4,100.2,69.6,14.1,10,79,10,32.7,10,84.9,255.2,22.1,34.2,82,14.6,142.5,10,113.7,10.9,83.2,15.1,23.6,20.1,61.3,95.2,37.7,10,10,233.9,11.9,10,36.5,13.6,41.8,37.3,16.7,52.2,21.2,174.3,65.4,50.9,65.5,44.7,91.6,63.6,79.2,108,22.3,70,10,11.3,10,10,16.2,10,33.8,108.7,15.2,11,10,22.6,213.6,23,10,10.2,127.5,17.6,10,0
10,41.45,10,53.5,301.05,13.15,10,10,41.15,119.65,53.05,94.85,13.2,196.6,10,10.15,35.4,10,10,10,10,10,562.75,21.1,10,10,21,10,10,23.25,10,42.45,11.05,12.9,10,10,392.1,12.05,10,190.8,10,37.75,10,10,77.25,10,10,172.9,143.2,72.65,10.7,24.2,10,10,289.55,10,10,10,1010.2,16.9,10,10,18.25,120.25,82.25,10,10,10,17.7,17.35,124.2,10,10,256.85,10,10,10,10,10,10,10,10,832.95,10,10,10,24.55,243.5,10,156.3,10,10,12.2,10,96.6,10,10,24.6,17.15,23.25,11.55,52.6,10,15.1,10,10.9,78.65,272.55,10.15,720.25,12.1,80.65,171,171,957.7,13.25,10,10,10,83.3,10.05,19.95,10,494.15,285.9,32.6,256.65,20.4,10,77.5,10,68.55,10,28.05,10,10,10.25,21.45,69.2,126.1,10,10,10.7,10,10,32.2,15.5,79.2,17.15,66.8,166.8,12.25,401.65,76.7,98.05,121.15,114.45,268.15,98.05,95.15,149.25,20.25,136.25,10,10,10,10,26.9,22.55,14.8,65.1,11,10,10,10,72.2,17.25,10,10,217.35,13.1,10,0
19.7,61.2,10,10,15.6,11.6,10,410.1,261.5,511.1,292.6,32.3,47,54.1,10,82.6,48.2,10,10.2,10.8,231.3,10,28,10,26.6,10,51,10,10,10,10,67.5,15.6,10.4,10,10,115.7,14,134.8,233.4,10,161.1,10,428.3,15.4,129.8,10,10,89.5,10,10,69.9,39.8,11.3,10,10,504.1,10,10.1,10,90.2,10,14.4,22.4,12.3,10,10,10,10,10,20.3,10.1,10,246,10,10,10,10,10,10,10,10,10,10,10,11.1,10,10,13,19,10,10,10,36.4,15.1,10,10,10,10,11,10.5,484.4,10,65.4,11.3,28.2,10,257.3,10,43,39.3,10,11.4,10,133.7,10,10,10,10,10,10,27.4,10,17.5,92.7,11,24.5,46.4,10,17,10,10,29.9,37.8,10,10,10,318.4,45.7,214.9,10,10,10,17.8,10,18.6,10,24.9,10,10,17.1,10,97.8,15.2,22.1,39.1,13.3,28.2,32.8,42,115,108.3,67.2,10,10,10.2,52.6,12.2,110.6,102,16.3,15.1,10,10,10,46.4,26.2,16.6,12.4,248.3,19.3,14,0
20.4,59,43.7,297.2,318.7,877.2,434,44.2,514.3,33.8,33.7,248.6,10,21.1,76.6,144.6,80.8,415.6,50.8,10,22.9,318.5,10,27.4,86,20.6,10,443.6,10,107.9,246.3,97.5,39.1,57.9,10,501.5,33.8,79.5,11.8,240.3,56.2,169.4,38.8,164.5,12.9,254.9,10,10,10,10,10,10,10,24.1,21.4,56.9,10,26.9,39.6,52,97.1,10,36.6,84.5,20.3,37.9,21.1,10,18.1,31.8,55.5,10,24.7,302.3,10,35.7,10,10,12.5,10.3,19.4,10.1,10,99.9,28.4,10,10,10,12.6,67.2,10,44.6,10,16.5,56.3,10,24.4,99.8,50.5,53.3,11,10,10,83.8,10,22.5,10,48,10,450.8,177.6,218.9,10,10,46.3,402.9,189,34,31.9,26.5,10,10,32.9,765.3,292.4,124.7,78.7,17.7,10,167.6,10,162.1,26.4,45.1,48.8,29.6,29.3,13.9,111,188.5,16.3,38.4,16.2,19.1,10,224.8,29.1,150,23.6,169.3,138.9,17.4,507.7,23.3,201.3,98.9,49.4,177.7,155.5,140.2,134.8,207.7,27.8,42.2,34.3,47,35,26,10,15.4,24.8,13.9,17.7,10,15.1,10,48.7,26.7,27.8,244.9,31.5,26.9,1
10,10,10,12.9,11.2,2641.3,423.5,10,10,143.7,10,10,38.8,12.2,807.9,282.7,10,10,79.5,101.8,223.1,28.2,10,199.4,315.3,187.1,10,10,33,1592.6,1321.1,452.7,151.8,10,65.7,10,10,941.2,49.1,14,719,10,322.9,161.8,44.2,233.6,21.6,218.6,10,10,27.3,10,62.6,151,345.2,393.4,10,190,10,102.4,10,162.9,10,10,10,953.3,152.4,10,212,104.5,10,16.9,387.2,10,10,336.3,695,435.5,144.1,66.9,152.6,162.8,10,401.8,187.7,10,60.7,10,94.8,10,10,369.5,25.9,103.5,10.1,10,176.8,10,139.8,100.6,25.8,10,398.9,144.9,56.5,75.3,94.4,10,10,23.4,23.3,10,10,10,15.3,10,10,122,524.6,10,10,10,13.8,10,13.3,851.8,10,13.7,681.3,69.2,47,10,70.9,10,162.9,189.8,194.1,19.3,10,12.6,11.8,763.6,10,158.4,10,74.3,87.4,10,164.1,10,10,117.2,14.8,10,10,10,10,10,16.6,10,10,11.9,10,364,215.8,293.7,158.2,191.5,10,243.6,10,68.3,142.1,99.9,265.7,10,283.9,136.3,105,10.9,85.4,111.9,1
22.1,10,10,10,10.2,1633.7,10,10,11.1,13.6,10,10,80.2,10,531.7,103.5,10,10,72.1,71.6,120.3,51.1,10,174.5,120.1,69.5,32.1,175.8,63.9,1306.4,831.6,173.4,96.9,10,53.6,10,10,1003.3,34.5,17.9,187,10,71.4,32.5,10,153.7,230.6,78.7,18,10,43.4,10,51.9,87.3,22.8,211.9,10,142.9,10,91.8,38.8,123.8,10,10,10,67.6,160.5,10,58.6,123.2,10,41.5,242.6,10.5,11.4,46.2,48.9,155.3,75.5,181.6,138.7,92,10,96.1,96.3,10,92.2,10,121.2,22.1,33.3,75.7,12.7,106.7,10.7,11.6,54.7,10,123.7,82.5,144.1,10,68.2,35.2,66.1,29.2,14.7,10,10,151.5,15.8,10,10,10,18.5,10,10,97.7,243.7,10,17.8,10,11.7,44.6,52.1,714.4,23,36.6,134.4,111.9,1175.3,10,70.9,10,36.9,155.4,77.5,63.4,10,10,170.2,459.6,12.7,26.1,12.6,19.3,29.7,28.4,121.4,27.8,21.4,79.1,80.8,10.1,14.6,34.4,21.8,51.8,20.8,31.2,10,34.3,10,171.6,148.9,271.2,70.2,74.6,92.1,127.2,10,98.5,102,62.6,89.6,10,51.2,61.7,162,18.6,119.9,118.5,1
17,12.1,1203.6,2332.5,64.4,1184.5,10,17.3,22.6,24.4,69.8,19.6,40.6,10,489.6,28,10,322.1,16.1,22.9,24.4,76.1,19.4,92.3,132.4,72.6,83.7,123,10,81.9,807.7,39.7,11,1142.4,24.6,47.2,192.5,543.4,27.5,10.6,140.8,84.1,15.6,10,10,20.6,21.1,56.4,12.2,14.5,11.3,10,10,69.9,10,65.2,10,21.2,12.8,46.4,47.6,146.9,61.2,10,10,12.8,95.3,10,30.5,66.2,10,26.7,27.8,10,10,37,66.8,30.4,36.1,10,19.1,62.7,10,172.8,35.2,10,19.8,10,50.5,13.9,16.1,114.3,18.7,37,10,10,10.3,592.5,65.5,44,15.3,10,16.4,110.2,68.4,10,10,38,10,80.5,17.9,53.6,10,10,22,91.8,103.5,24.4,181.9,10,10,10,465,18.9,50.8,152.3,10,19.8,24.5,44.9,1500.4,111.8,35.2,111.4,14.3,96.2,70.8,10,20.4,10,125.4,138.3,10.1,68.8,10,42.5,59.8,32.2,69.9,14.5,16.1,41,114,10,14.1,39.8,10,19.8,28.6,17.7,10,291.3,22.1,136.6,123,159.8,54.2,55.4,56.4,48.8,18.4,156.8,37.8,10.2,17.7,10,101.6,50.1,80.6,10,223.5,76.1,1
11,61.6,10,10,252.2,598.2,12.2,160.9,12.9,941.5,283.3,98.1,17.6,645.4,12.9,65.2,82.5,10,10,10,10,10,20.4,79.1,22.7,10,10,10,10,993.8,10,13.7,10,10,27.6,10,62,10,15.2,560.3,60.6,137.1,10,15.7,27.9,12.4,10,58.6,123.7,88.1,10,10,11.2,10,18,10,11,10,64.2,429.6,10,10,21.7,52.8,10,10,10,195.2,43.1,12.2,190.8,10,10,744.2,10,10,10,18,10,10.4,10,10,26.1,10,10,119.9,46.3,10,142.3,21.5,10,10,10,10,13.2,10,10,10,13.3,55.1,19.6,134.8,36.8,22.2,10,45.9,219.4,219.3,10,34.6,10,18.4,84.2,95.6,590.4,10,10,10,10,10,10,49.1,10,14.7,14.9,871.6,10.6,19.7,51.9,11.4,10,11.6,39,21.5,10,37.9,12.4,79.1,122.5,10,10,10,14.1,14.2,10,10,11,10,57.1,10,10,28.8,11.7,10,10,10,10,16.9,10.8,10,371,63.1,103.1,10,15.4,10,10,10,24.9,97.5,35.9,10,11.2,43.7,105.5,29.5,21.3,10,27.2,754.5,10,10,0
10,29.3,10,10,202.8,12.4,11.6,10,522.2,692.5,73.7,150.7,339.8,353.7,10,33.8,44.6,10,13.3,10,14.1,352.3,37.3,13.1,74.9,10,62.4,10,58.8,26.1,10,79.3,24.6,13.2,14.6,10,10,10,519.2,431.3,193.6,215,10,10.2,10,78,10,16.8,188.7,10,10,600.8,936.5,22.5,10,10,1140.1,10,20.3,31.3,144.7,10,22.8,131.4,70.9,10,10,14.6,10,32.8,105.5,18.6,10,270.8,10,10,10,11.9,10,10,10,10,10,10,10,10,11.3,10,13.8,10,10,10,10.5,17.3,12.1,10,10,10,26.4,22.9,23.7,277.6,11.2,24.9,143.1,15.9,1087.9,90.2,2068.1,690,117,65.4,15.7,17,78.2,10,10,10.3,10,10,10,68.5,11.3,93.8,251.2,50.1,177.5,347.2,49.5,476.3,10,40.7,47.9,26.6,13.6,17.3,42.2,2382.8,152.6,287.4,10,10,11,11.3,10,18.3,48.7,170.2,10,72.5,291.3,10,499.3,10,96.1,68,181.1,458.5,101.2,245.7,316.9,86.3,184.2,10,16.8,10,60.8,26,969.8,139.7,56.9,47.2,10,10,10,65.9,86.2,13.7,26.5,561,16.1,10.3,0
36.3,45.9,10,86.2,960.1,15.2,10,797.6,280.5,565.6,493.3,115.1,54.1,64.6,10,13.7,40.9,30.6,36.2,23.2,61.2,85.6,81.9,67.6,22.8,22.1,36.5,12.7,10,10,21.2,27.1,12.6,47.5,16.3,37.5,34.9,10,39.7,20.9,50.6,83,10,18.4,155.7,10.6,10,87.2,208.1,96.3,10,54.3,19.5,12.3,185.1,10,103.8,10,553.8,158.7,61.1,10,291.1,13.8,84.5,15.3,10,272.8,32.5,17.5,27.5,27.3,10,150.9,10,10,61.1,14.4,10,12,10,10,107,10,10,66.8,16.2,12.5,10,403.1,10,10,12,19.3,313.2,10,10,36.9,10,19.1,15.2,56.2,31.8,49.6,10,51.7,254.1,180.4,203.6,101.8,57.5,88.7,114.5,157.4,929.1,57.1,26.6,19.8,10,227.1,10.6,120.5,11.2,24,39.3,16.1,20.1,155.9,10,113.2,10,53.5,10,45.2,12.8,14.5,26.7,68.8,36.6,64.4,10,10,20,11.8,10,35.8,10,17.1,40.1,10,20.9,22.7,58.9,264.7,10,10,15,37,22.4,15.7,60.6,55,168.9,10,16.4,10,10,13.4,41.7,16.3,62.5,10,10,10,10.5,26.1,11.8,13.2,10,25.2,10,10,0
80.7,49.4,17,163.7,311.5,154,10,263.7,302.3,390.9,38.8,63.7,42.1,173.1,10,13.8,124.6,64.5,128.5,20.5,83.2,68.8,21.6,158.8,37.7,10,319.5,19.2,10,437.3,10,46.9,21.4,60,32.7,121.6,192.7,10,57.3,261.4,131.2,139.9,10,10,38.5,10,130.3,46.9,89.8,75,10,140.9,19.1,11.8,12,10,138.6,10,597.8,10,375.9,10,33.4,71.7,96.7,10,10,10,39.5,23.7,501.4,10,10,327.2,10,10,10,15.5,10,10,10,10,452.4,10,10,77.8,10,262.1,17.8,30.9,10,10,12.2,19.3,30.5,10,10,45.9,10,16.1,17.7,279.2,36.1,37.5,11.5,218.5,157.3,150.5,236.3,108.5,109,133.6,136.2,215.9,949.9,83.2,66.8,16.6,10,16.1,10,64.6,10,42.6,20.8,351.9,22.7,93.5,10,63.6,10,137.1,31.2,114.5,14.9,16,19.8,36.3,60,27.9,10,10,29.4,10,10,62.8,14.6,10,17.1,10,17.3,14.8,38.1,13.3,10.5,17.8,10,30.1,23.5,13.8,93.3,84,126.5,10,72.7,10,10.7,19.6,50.4,83.5,50.8,15.7,10,10,63.5,132.9,19,14.8,27.3,366.9,11.9,10,0
33.4,44.1,37.7,374.85,1191.2,28.5,10,305.8,160.15,532.55,246.35,266.3,41.6,90.7,78.5,17.2,40.25,173.5,28.65,35.1,88.55,154.25,56.35,107.3,79.7,12,12.95,72.8,10,17.3,65.9,32.45,10,41.85,11.8,147.35,102.35,21.1,34.95,47.85,73.4,92.65,14.5,18.35,24.25,13.25,89.85,26,87.25,53.7,10,66.8,33.75,11.8,38.85,10,60.2,10,272.35,67.3,255.2,40.2,41.4,44.3,45.4,10,10,23.8,14.95,29.15,84.25,29,20.4,136.25,10,10,10,10,10,15.45,10,10,154.65,10,10,81.25,14.25,14.55,102,77.6,15.05,17.55,18.2,10.85,63.8,10,10,129.45,13.35,15.8,19.25,264.1,45.4,54.5,11,23.3,138.3,126.3,355.25,308.8,55.4,83.05,45.85,51.05,414.3,83.4,65.3,21.3,10,39.35,10.65,41.95,10,47.45,142,26.45,27.5,211.3,25.95,200.95,11.15,93.95,17.1,68.6,15.65,16.1,26.55,270.7,60.7,53.4,10,18.55,135.15,38.1,10,42.3,10.95,46,23.7,38.8,39.75,14.25,100.95,42.55,37.6,69.55,28.55,83.85,65.55,44.15,52.95,36.65,54.55,10,27.2,10,10,19.85,53.4,41.05,127.35,17.85,10,10,27.2,120.05,26.9,10,10,69.4,23.8,10,0
11.3,62.8,10,10,167.6,20.3,10.3,10,21.5,495.4,29.5,43.9,17.5,172.7,11.9,21.3,69.2,10,10,10,10,10,29.6,120.3,30.8,14.8,262,10,10,11.8,342.4,10,10,16.6,88.5,16.2,10,10,10,301,12.6,75.3,10,18.8,124.7,20.1,10,117.3,305.1,95.5,14.7,10,10,10,150.9,10,10,10,413.2,339.6,46.6,10,15.5,69.2,39.2,10,10,1608.9,63.4,36.1,156.4,34.8,10,229.3,12.6,10,10,20.7,10,19.2,10,10,41.4,10,10,10,38.1,10,14.5,10,10,12,11.5,12.4,21.2,10,10,10,10,10,22,10,198.1,10,10,40.2,143.7,642,10,120.7,24,23.9,144.8,176.6,901.7,17.1,10,10,10,10,13.5,125.6,10,161.2,77.3,12.3,34.3,10,10,47.3,10,17.4,12.4,10,10,17,19.2,11,71.9,76.1,10,10,450,10,10,25.6,10.5,10.2,12.1,10,18.4,11.4,62.8,11.3,11,14.5,34.8,70.6,34.8,18.3,145.3,44.8,17.7,10,17.2,10,10,10,10,111.1,41.7,10,10.2,10,59.2,10,10.6,18.6,10,371.5,10,10,0
137.3,125.7,19.5,125.3,186.7,10,16.4,359.8,285.8,829.9,167.1,367.1,137,122,10,41,29.7,10,15.3,57,277.9,10,78,59.7,31.9,10,35.4,10.2,17.5,10,11.9,25.6,10,28.7,82.6,10,37.3,10,909,860.2,19.3,155.5,52.7,10,10,10,10,19,192.5,10,10,216,128.4,19.6,11.8,10,878.4,10.7,31.9,10,10,10,16.3,162.1,23.8,10,10,103.7,10,13,331.7,10,10,626,14.5,10,10,13.9,10,10,10,10,10,10,10,10,10,10,10,20.7,10,10,10,40.5,10,10,10,51.2,27.3,13.2,14,375.9,10,10,13.6,34.4,225.1,336,41.6,437.4,465.3,47.7,18.9,15.3,100.5,10,10,34,10,10,10.1,49.1,10,35.1,33.6,18.1,31.6,446,86.8,46.4,10,11,26.7,17.2,10,13.8,16,387,163.4,100.1,38.6,10,10,34.5,10,10,17.8,19.2,10,10,26.8,10,48.4,18.5,14.1,10,16.3,44.7,23.7,25.9,279.4,124.5,252.3,10,10,10,44.7,15.2,308,250.3,62.4,22.7,14.1,10,10,102.7,35.3,10,15.9,879.1,27.5,10,0
163.2,32.4,72.3,823.7,39.2,13129,28.4,16,102.3,161.4,82.9,36.5,602.1,34.4,4022.1,785,10,46.8,494.8,1921.6,696.6,476.9,14.9,2509.5,1548.4,1102.4,39.1,968.4,316.9,2900.6,7769.4,3862.6,1939.5,78.2,394.9,53.2,12.4,3890.9,2296.4,93.7,967.7,10,1182.1,515,364.6,1378.8,1720.6,703.5,52.5,287.8,905.3,20.9,129.4,1068.6,303.2,3879.4,56.1,878.4,68.5,231.5,58.9,3089,61.3,10,10,1189.5,2212.2,63,1288.5,1287.2,10,546.4,655.7,59.4,761.4,1116.6,1752.1,4616.8,2074.9,3508.5,1297.5,1127.6,32,3944.8,710.8,34,365.9,10,633.6,212.2,448.5,3615.6,1204.7,1448.5,93.7,2659.1,1045.4,157.1,2747.3,483.7,1583.4,24.4,1115.9,522.3,709.3,1071.1,142,91.4,19.9,2676.9,52.5,65.3,10,36.9,132.3,181,71.2,1298.3,2820.7,46.6,6044.3,39,178.6,324.8,632,3154.8,268.1,58.2,4120.3,2758.8,9436.6,130.4,462.7,21.8,495.3,2205.2,970.1,233.9,66.1,144.6,1939.3,2554.3,69.1,610.5,234.7,79.2,1268.9,212,1015.9,77.5,208.2,708.7,773.7,62.3,156.6,155.4,197.6,474.1,238.1,220.5,34,449.2,55.6,1517.5,1548.2,1928.2,673,1010,185.6,1411.4,144.7,1394.3,887.8,503.4,1044.2,51.1,1172,477.4,669.6,53.4,1048.1,1423.3,1
64.1,10,10,22.4,15.5,929.4,10.2,10,10.2,101.2,27.1,10,53.5,15,810.6,196.1,10,10,10,21.9,123.4,10,10,93.7,96.5,50.8,10,72.1,294.4,631.3,570.9,252.8,105.8,11.6,16.2,10,10,225.6,22.6,15.9,364.3,10,221.8,71.7,13.4,520,142.4,41,10,10,14.3,10,66.9,61.9,32.1,75.6,10,183.7,10,103.3,10,224.6,10,10,10,599,246,10,58.1,90.9,10,55.8,115.6,10,10.4,62.1,25.5,313.7,508.1,15.7,10,133.5,10,129.9,164.1,10,102.4,10,37.2,12.6,11.3,126.6,138.6,44.9,13.9,145.8,247.7,10,10,69.6,104,10,30.5,74.1,74.7,18.1,10,10,10,91.2,15.5,10,10,10,13.9,10,10,265.6,518.5,10,166.6,10,11,20.5,27.1,449.7,21.5,11.6,675.8,107.5,639.1,14.6,23.1,10,26,50.4,49.5,16.4,10,10,64.7,38.8,10,15.8,10,138.8,80.7,25.5,65.3,10,14.4,46.2,55.3,10,10,26.9,18.2,46.7,16,20.8,10,10,10,107.5,189.6,53.4,102.7,24.6,73.7,109.4,10,97.3,63.8,104.4,51.7,10,84.9,71.1,98.6,10,67,41.3,1
182.8,10,10,51.7,18,2732.4,14.7,10,16.6,13.5,20.2,10,31.7,10,1126.8,51.9,10,10,122.9,338.7,169,62.5,16,282.6,301,203.8,10,314.8,34.1,1328.2,1532.8,668.7,377.7,17.3,105.9,10.2,10,1647.8,147.6,29.4,436.9,10,46.6,29.3,60.1,179.4,282.4,247.3,10.2,10.9,188,10,124.5,214.1,165.6,570.8,13.1,202.4,14,54.4,10,317.9,10,10,10,175.9,269.3,10,188.9,150.2,10,52.8,319.5,10.8,25.4,492,221,708.8,222.6,300.1,301.8,195,10,660.7,205,10,144.9,10,80.1,18.3,97.9,629.2,10.3,196.6,15.9,10,49.8,17.3,196.8,175.3,82,10.3,182.4,135.9,100.8,133.5,44.5,11.7,10,55,10,10,10,10.2,18.3,12.6,10,35.1,594.4,10,181.9,10,23.4,10,15.4,746.2,10,12.5,648,45.5,1071.2,11,145.3,10,168.3,267.7,247.2,48.2,10,10,331.6,936.2,10,182.3,10,167,217.4,10.9,106.3,10,16.8,93.9,27,10,11.2,22.5,15.7,45.4,11.9,10,10,13.2,10,277.2,254.2,362.2,98.4,138.2,10,301.1,11.5,123.8,129,238.1,168.6,10,298.7,193.9,252.7,28.2,220.6,221.1,1
70.4,10,263,1097.9,54.7,2472.9,10,20.7,28.1,216.6,32.4,10.7,75.8,14.6,516.1,304.7,10,15.1,46.7,719.2,69.9,10,13.4,350.9,98.7,263.2,38.6,649.3,139.1,891.1,687.5,151.4,63.7,306.3,64.1,17.3,33.1,985.3,217.9,10.7,329.7,10,142.9,242.8,65.1,121.8,206.9,144.2,10,26.4,695.7,10,51.4,55.8,108,109.2,10,95.2,10,97.4,11.5,216.7,33.5,10,10.4,149.1,179.9,10,133.9,117.4,10,73.7,183.7,10,330.6,97.6,976.5,1183.4,143.6,429.6,27.6,79.6,10,34.3,137.3,10,39.7,10,57.3,28.5,103.4,40.2,18.7,100.1,20.6,10,130.6,217.6,30.6,89,1035.5,10,378.5,66.3,99.1,346.5,10,11,10,21.8,34.5,18.6,10,10,15.9,26.2,16.4,134.1,324.9,10.2,382.2,10,151.1,14.6,39.9,755.4,20.2,48.3,435,75.4,524.6,26,15.7,17.9,127.5,236.5,107.2,17.5,10,24.3,230.2,1122.3,10,90.9,315.2,48.9,90.9,16.5,141.6,10,16.1,75.9,54.4,25.6,10,12.8,17.5,21.7,11,15.1,10,73.5,10,229.6,71.9,128.6,98.5,123.8,14.4,222,19.6,82.5,96.7,278.9,66.1,10,277.2,165.2,116.7,10,154.4,70.7,1
30.7,41,10,10,92.3,10,10,447.1,21.8,92,38.3,122.2,10,128.9,10,10,38.4,10,15.2,10.8,67.6,681.8,10,68.7,10,10,23,96.3,10,10,10,10,10,10,10,21.5,121.1,10,10,61.9,10,50.2,10,17,38.2,152.7,24,21.5,116.4,63.9,10,10,10,15.3,116.5,10,10,10,169.5,10,147.2,10,12.5,27,10,10,10,10,64.3,20.5,20.4,16.9,11.2,28.4,10,10,10,11.3,10.8,10,10,10,52.2,10,10,63.7,60.3,10,10,17.2,10,10,10,10,15.7,10,10,10,20.8,15.3,16.5,16.8,15.7,13.9,10,14.7,93.5,121.9,10,2358.9,451.5,45.5,52.4,56.5,421.5,20.6,10,10,10,10,10,28.3,10,333,1006.5,10,501.2,13.6,10,350.5,278.3,30.2,19.1,55.7,10.7,10,10,10.3,104.9,323.4,10,10,10,10,10,36.5,10,344,13.4,376.9,350.2,14.3,1351.8,10,482.5,387.9,562.5,652.3,1044.5,335.2,19.7,19.8,112.8,10,10,10,10,21.6,10,10,12,10,10,10,61.4,21.4,55.3,10,23.9,49.5,14.5,10,0
24.6,13.4,10,13.5,12.7,77.7,10,10,14.2,480.2,1227,15.8,10.6,336.5,10,17.1,10,10,86,10,10,39.5,32.2,53.6,11.6,10,10,10,10,198.9,10,38.9,17.8,10,74.2,11.6,10,10,10,43.9,48.7,10,10,10,87.9,12.3,10,31.5,276.2,143.7,135.7,10,10,10,124.5,10,10,10,646.3,10,10,10,95.8,17.8,33.6,10,10,522.9,105.6,10,67.4,54.9,10,53.9,10,10,10,13.7,10,10,10,10,127.1,10,10,10,107.6,48.3,17.5,48.4,11.7,10,10,23.7,23.7,10,10,10,10,10,10,10,185.9,47.5,10,13,219.9,281.9,10,12.1,10,10,158.5,165.4,1136.5,10,10,10,12.5,15.9,10,179.4,10.3,10,10.3,199.4,10.9,10,10,10,10,11.8,10,10,10,10,10,10.1,18.5,10,10,10,667.4,10,10,29,10,10,57.5,10,10,30.7,10,19.9,10,10,10,10,10,10,10.1,10,193.7,10,299.1,10,10,10,10,15.3,119,12.8,10,10,10,27.5,10,10,10,45.4,10,10,0
10,10,10,20.2,90.5,39.1,10.5,38.8,31.4,415.2,497.9,28.7,14.4,548.7,10,10,46.4,10,10,10,35.1,40.5,15.6,122.5,12.4,10,10,19.2,10,224.7,10,21.1,16,22.1,69.4,213.8,30.6,10,10,94,13.8,40.1,10,10,17.2,10,10,244,91.1,59.6,10,727.5,10,15.3,68.1,10,10,10,13.9,10,10,10,11.7,37.5,164.7,10,10,10,46.6,10,146.6,10,10,239.8,10,10,10,10,10,10,10,10,168.9,10,10,10,716.3,77,10,23.5,10,10,10.3,10,10,10,10,10,10,11.6,15,212.1,45.6,10.3,10,298.3,359.7,190.4,49.6,10,10,23.3,60,81.3,821.5,219.1,92.1,10,10,10,10,183.6,10,10,10,189.6,10,34.3,10,10,10,21.5,10,23,10,10,10,10.4,26.4,24.3,10,10,10,10,10,74.4,13.1,10.3,60.4,10,10,26.8,10,10,10,10,10,10,10,10,37.9,18,67.2,10,19.2,10,10,43.9,14,35.8,67.4,10,10,10,10,13.2,19.7,10,10,190.7,10,10,0
10,95.4,10,65.8,550,11.3,17.3,17.3,105.9,713.9,1683.1,142.1,40.2,145.5,14.7,18.4,91.2,18.9,10.1,12.5,51.1,10,416.3,373.2,35.8,12.7,69,10,10,122.2,10,11.7,10,33.7,29,67.4,79.7,10,22.4,226.9,10,100.5,10,26.5,185.1,17.6,10,59.2,601.7,371.5,13.8,16.9,25.4,10,55.9,10,22.7,10,1264.4,253.1,10,10,970.4,41.3,1048.1,10,10,10.2,105.6,13.9,77,401.9,18.6,361.6,11.8,10,10,19.7,10,14.8,10,10,35.2,10,10,27.8,10,10.4,15.9,79.2,10,10,15.7,28.1,37.4,10,10,10.1,19,48.8,21.6,200.3,34.5,26.4,16.7,11.3,884.7,366.6,144.1,25.8,57.9,78.2,395.8,496.6,1640,55.1,30.8,10,10,35.6,10,171.7,10,10,13.3,147.5,13.1,179.4,11,68.2,10,65.8,17.9,24.8,12.7,10,20.7,103.4,82.6,60.9,10,14.5,638.3,11.5,10,17.8,13.2,14.8,182,10,10,100.6,22.3,37.1,10,10,14,29.2,11.4,10,190.6,55.7,216.5,10,55.7,10,21.6,17.3,89.6,10,1025.6,10,10,10,54.6,89.8,10,10,15.4,228.8,13,10,0
40.2,132.3,14.6,72.4,2449.9,13.9,10,507.9,344.6,740.1,80.6,124.4,63.3,48.2,10,12.3,215.9,44.6,107.1,10,85.9,10,100.3,213.1,16.7,10,53,117.3,10,25,10,18,10,43.6,10,76.2,68.5,10,156.2,308.6,69.2,199.5,10,10,269.7,10,104.1,22.9,126.4,108.6,10,134,20.4,18.6,172.2,10,56.9,10,464.6,21,11.7,10,48.8,46.2,18.3,10,10,21.5,69,47.3,74.1,10,12.8,329.9,10,10,10,10,10,11.3,10,10,1842.6,10,10,253.5,77.9,427.2,10,59.4,10,10,10,34.2,53.1,10,10,15.9,14.5,20.9,20,299.7,73.5,36.2,10,25.9,733.2,295.4,99.6,104.2,10,125.2,91.1,99.2,687,66.3,47.8,27.4,10,30.8,11.5,82.1,10,156,263.9,38,99.9,73.1,11.4,449.1,1224.1,149.3,10,54.2,11.3,11.6,36.5,18.6,31.4,169,10,10,10,14,10,230.4,16.5,100.6,92.5,63.9,106.8,88,397,31.2,250.2,177.8,102.1,219.2,77.4,169.9,158.2,127.6,112,10,13.3,10,10,11.9,27.4,34.8,35.8,25.7,10,10,56.5,262,51,10,10,290.3,16.1,10,0
10,62.6,10,10,1564,32.5,10,797.2,26.6,599.8,51.7,149.9,21.6,62.2,10,12.1,61.2,10,10,10,72.5,535.4,17.5,169.1,29.4,12,28.7,46,10,35.3,161,10,10,16.1,37.8,22.9,10,10,26.5,416.2,20,86.1,10,167.7,11.4,13.9,191.9,11.1,119.3,70.1,10,19.7,10,10,10.4,10,10,10,29.4,10,118.7,21.9,15,74.2,10,13.8,10,10,23.1,32.6,460.9,10,13.2,288.6,13.6,10,21.5,122.2,10,10.3,10,10,10,10,10,754.3,10,10,13.8,57.9,10,10,10.9,29.1,42.4,10,10,10,16.5,10,15.5,412.6,17.2,10,10,22.9,665.5,501.2,10,91.8,11,37.1,17.9,20.5,166.8,10,10,10,10,24.8,10.4,48.8,10,33.5,110.9,54.4,57.5,10,23.3,33.7,10,60.5,19.1,37.7,10,14.3,12.8,15.5,119.7,10,10.9,50.6,124.7,44.2,10,10,34.7,22.3,34.3,17.9,83.7,19.5,175.3,29.3,39.4,28,43.1,114.4,68.8,45.5,150.5,51,43.7,10,10,10,10,10.4,10,56.3,36.1,10,10,10,37.6,12.9,21.1,12.6,10,656.3,10,10,0
19.6,10,1650.2,2371.8,41.9,79.4,10,16.4,109,10.9,68.3,44.7,10,10,21.4,40.4,10,285.7,33,10,10,144.6,10,10,17.6,10,177.3,201.3,10,30.1,26.1,21.1,10,1401.4,10,24,113.7,48.1,10,10,10,73.1,10,10,10,13.5,10,10,10,10,10,10,10,10,10,10,10,10,10,10,44.2,10,128.5,10,10,10,10,10,10,33.8,10,10,10,10,10,10,10,10,10,10,10,10,10,10,10,10,10,10,10.4,28.6,10,10,10,10,17.7,10,10,1171.2,10.1,10,15.8,10,10,20.3,10,10,10,14.6,10,238.4,39,82.4,10,10,22.6,138.9,79.1,18.5,10,14.5,10,10,340,208.9,99.6,44.6,62.3,10,10,178.9,30.8,85,10,153.1,10.5,10,10,10,98,10,10,10,10,10,10,63.8,23,70.1,10,49,76.7,10,232.2,20.7,287.4,193.3,93,293.1,56.7,97.3,10,254,29.5,10,10,10,10,62.1,10,12.9,26.6,10,10,10,10,10,88.3,42.8,18.7,10,11.6,10,1
10,10,153.8,625.2,33.6,1170.4,10,16.4,224.2,10,40.2,13.8,16.2,10.9,251.1,173.2,15.2,40.2,58.9,725.4,10,71.9,10,153.5,26.9,192.4,42.7,643.6,69.8,245.9,722,92.1,20.6,138.3,10,16.9,25.6,1099.5,128.1,16.9,250.8,25.6,12.8,337.6,62,163.7,101,319.4,10,18.5,273.4,10,26.1,24.9,149.6,124.1,10,57.2,14.2,10.6,46.7,103.1,29.4,10,11.2,32.9,109,10,121.9,90.6,10,24.1,236.4,22.2,804.5,246.3,623.9,924.1,100.6,394.3,12.7,52.2,10,141.7,101.7,10,19.7,10,129.2,11.8,514.9,73.5,12.6,44.2,10,15.9,10,121.9,29.5,81.4,155.6,10,319.5,133.7,25.5,575.1,10,16.1,10,132.5,24,41.5,10,10,21.6,80.9,39.7,10,346.7,10,901,10,116.8,51.4,45.6,291.3,23.3,10,73.9,117.1,724.5,57.1,23.8,31,69.7,120.6,66.3,12.7,36.2,10,10.1,634.1,10,84.1,752.2,115.3,28.2,46.4,43.2,19.5,17.8,18,245.6,10,20.1,95.8,14.3,33.5,30.3,38,10,272.2,12,127.7,19.6,26.6,40.1,119.5,11.1,148.4,16.8,60.6,34.7,123.6,43.9,10,508.8,82.1,80.4,24.1,31.5,16,1
45.9,45.7,10,58.5,19.3,2234.1,81.1,10,14.2,10,12,10,133.2,10,363.3,387.2,10,10,35.8,49.5,146.2,10,11.3,192.2,217.7,110.9,11.1,186.4,33.9,1261.8,1536.9,119.1,33.3,10,221.5,10,10,582,111.5,15.7,365.3,10,203.5,404.4,30.9,427.9,11.2,79.3,10,10,117.6,10,70.2,237.9,101.3,199.6,10,92.2,10,340.2,20.5,110.2,10,10,10,174.1,183.6,10,287.2,123.7,10,50.3,100.6,11.9,13.2,198.3,217.6,566.5,55.2,112.6,179.1,101.5,10,360.1,137,10,86.2,10,37,41.6,35.5,277.8,10.7,230.3,30.3,10,187.8,13.9,104.2,38.3,132,10,152.5,318.2,148.7,67.1,90,10,10,263.4,53.8,11.2,10,10,19,10,10,109.5,386.9,17.3,44.4,10,28.7,240,193.7,857.5,67.2,22.4,277.5,356,813.2,13.9,125.6,10,86.9,198.5,143.5,20.1,10,66.3,51.7,488,10,129.2,10,10,115.9,52.7,189.8,34.4,76.8,142.1,278.2,29.3,141.8,248.1,80.4,95.7,55,119.6,10,100.8,10,231.2,153.6,102.8,96.6,68.4,83.4,177.7,10,58.5,217.8,395.5,92.1,10,233.3,98.5,91,16.5,56.2,90,1
341,10,10,14.3,10,532.5,10,10,10,10,10.5,10,251.1,12.5,148.5,582.3,10,10,17.2,48.7,99.4,144,10,105,168.9,10,10,1304.7,653.6,54,573.6,10,10,10.1,10.5,10,10,156.8,219.7,14.7,62.7,10,343,117.4,10,972.5,38.7,15.4,67.3,14.4,82,35,245.3,88.9,333.6,80.4,10,36.6,10,14.1,18.3,47.8,10,10,10,286.6,15,10,228.2,265.5,10,60.3,196.7,10,11,21.9,20.5,158.1,19,16.9,10,69.3,10,60.9,198.2,10,10,10,10,10,10,51.1,13.7,276.1,10,10,204.8,10,10,126.9,21.6,10,288.8,10,107.8,17.1,10,10,10.6,46.9,20,10,10,10,18.4,10,10,174.3,305.8,10,11.3,10,12.3,39.1,27.2,80.2,64.4,11.4,1005.5,31.1,10,10,10,10,300.7,102.7,152.8,12.5,10,10,91.4,11.6,10,10,10,34,21.5,12.2,10,13,23.5,10,45.6,10,14.7,18.7,11.4,23.7,25.5,10,10,44.8,10,206.5,24.6,126.6,263.5,282.1,10,414.1,10,30.1,154.8,56.5,147.7,10,136.3,129.5,150.9,11.9,10,117.5,1
118.7,10,10,10,10,383.3,12.5,10,12.3,10,10,10,224.7,66.2,369.6,869.3,23,10,22.6,35.1,125.7,174.5,10,10,110.2,12.7,10,19.7,216.4,156.7,1015.3,97.7,28.5,12.6,10,10,14.8,546.2,12.4,55.6,243.8,49.9,113.3,776.7,10,41,10,42.4,13.9,25.4,52.4,10,38.5,85.3,373.2,52.2,73.8,63.6,12.9,13.6,247.8,10,10,10,10,1421.4,35.1,10,36.2,43.6,10,38.7,15.7,51.1,10,10,10,17.1,18.3,10,228.8,55.4,10,87.1,42.4,10,10,10,11.6,10,10,40.8,10,130.3,10,10,387.9,10,10,23.5,10,25.4,157.5,10,110.2,38,10,11.3,10,19.5,91.2,10,10,10,37.7,10,10,106.4,112.1,10,10.7,10,12.6,10,10,173.1,11.3,11.7,41.4,16.6,10,20.6,64.2,10,43,43.8,30.7,10,10,10,10,10,10,75.1,10,334.4,14,10,10,10,10,10,10.4,10,10,10,10,10,10,10,31.5,106.5,20.6,185.1,40.4,230.9,45.1,22.6,10,205.6,10,17.9,46.4,93.9,17.6,10,44.1,33.4,200.9,73,44.5,149.5,1
10.4,14.8,10,42,993.6,138.5,10,1513.4,100.4,346.9,1196.8,31.7,16.1,128.3,11.4,18,13.5,10,75.9,67.7,10,45,761.5,72.8,10,10,39.9,10,10,86,33.2,14.5,10,14.2,10,11.4,54.2,10,12.6,13.5,31,19.5,10,10,172,10.7,38.2,160,244.6,113.3,10,96.2,10,20.5,331.9,10,38.7,10,837.3,20.7,338.6,10,25.9,27,151.6,10,10,14.5,66.5,13.2,52.9,24,10,63.2,10,10,10,10,10,11.4,10,10,1720.3,10,10,1718.9,108.6,1380.6,10,102.8,10,10,10,10,64.2,10,10,15.3,10,54,15.4,58.6,77.9,26.4,10,823.5,971.8,250.3,63.6,29.4,10,20.8,107.7,156.9,965.4,22.6,14,10,10,41.1,10,166.3,10,10,12.9,98.8,10,60.8,10,18.5,10,21.2,10,27.2,10,10,10,61.6,28.9,10,10,10,52.6,10,10,39.5,10,15.6,38.1,10,11.2,15.5,14.9,50.3,10,10,10,11.4,10,10,25.4,27.9,70.7,10,15.5,10,10,10,16.1,10,942.9,10,10,10,41.7,16.6,10,10,10,35,10,10,0
127.1,139.3,10,48.3,33.5,10,15.4,271.9,211.5,788.2,154.8,365.9,83.9,197.5,10,87.2,59.1,10,10,28.8,299,10,61.8,17.7,31.6,10,32.4,10.2,27.7,10,10,23.4,10,27.4,64,10,34.8,15.2,578.4,830.6,17.4,279.4,19.2,47.7,34.4,40.7,10,10,125.8,10,10,253,105.8,19.6,10,10,1020.1,10,26.7,10,54.2,10,17.6,105.6,16.6,22.4,10,85,10,14.3,215.1,10,10,655.5,10,10,10,10,29.8,14.6,10,10,10,10,10,10,10,10,13.4,10,10,10,10,33.8,10,10,10,10,31,19.7,19.8,319.7,12.7,11.5,13.1,34.5,237.3,414.8,48.9,795.1,137.1,32.1,23,16.1,112.8,10,10,11.3,10,10,10,37,10,111.6,106.2,16.3,55.3,550.8,34.6,139.2,10,18.9,32.8,39.1,10,10,16.6,398.4,127.3,83.3,54.5,10,10,39.1,10,11.5,14,32.2,10,21,199.2,10,134.1,10,17.2,24.6,44.2,84.8,36.2,46.2,305.7,207.1,206.1,10,10,23,50.7,20.8,211.8,281.2,30.4,12.4,10,10,10,129.8,34.7,11.7,22.7,904.3,23,15.3,0
112.6,21.5,10,10,890.7,12.7,11.8,10,1060.6,118.4,1509.4,43.8,11.8,212.9,18.3,125,13.3,10,10,10,181.3,10,10,10,10.9,10,418.5,15,10,10,10,106.6,22.2,24.1,10,11.9,10,24,158.1,21.7,10,90.7,10,10,10,28,10,10,227.9,10,18.6,406.9,20.9,33.8,12,10,1023.2,10,15.1,11.1,10,10,10,10,36.6,10,10,10.3,10,10,10,10,16.9,50.9,10,10,10,17.7,10,17.6,10,10,10,10,10,10,10,10,13.1,10,10.9,10,11.7,44.5,10,10,10,10,10,10,27,66.9,10,10,10,10,44.2,41.8,65.1,10,253.7,14.6,10,10,32.5,10,10,10,10,10,17.8,55.8,10,10,10,13.2,10,490.4,10,10,10,10,10,10,10,10,25.7,48.3,10,13.2,10,10,10,11.5,10,17.2,96.4,10,10,10,10,10,10,10,10,10,10,10,10,10,33.3,10,81.4,10,92,10,10,10,37,35.6,10,10,10,10,10,73.5,10,10,10,21.4,39.2,10,0
12.9,69.7,10,21.6,149.25,10,10,440.25,30.4,340.5,1159.7,45.8,10,183.15,10,15.25,62.55,10,10,25.65,22.7,10,514.85,143,10,11.15,23.9,13.7,10,33,10,10,10,19.95,18.1,49.85,251.55,10,24.5,205.8,11.6,66.65,10,10,166.4,16.75,10,13.2,115.3,115.8,10,12.5,10,12.2,16.1,10,10,10,699.4,10.95,10,10,137,38.75,630.05,10,10,233,46.7,17.65,136,30.85,13.15,294.6,10,10,10,14.65,10,10,10,10,38.75,10,10,51.1,79.65,10,12.05,1234.8,10,10,12.4,20.5,1132.2,10,10,14.05,10,11,15.4,123.85,34.75,10.25,10,24.5,469,312.75,15.05,67.25,15.15,27.4,203,245.55,1203.2,21.95,10,10,10,964.45,10,121.8,10,23.55,15.75,35.35,17,20.3,10,15.95,10,34.2,10,19.2,10,24.15,18.55,15.05,54.2,93.65,10,10,549.3,10,10,20.9,11.65,17.1,44.55,10,14.6,38.95,29.15,1229,10,11.15,10,17.55,18.3,10,150,48.05,150.7,10,26.05,10,10,10,12.9,10,146,25.55,10,10,17.55,19.35,11.1,10,10,247.25,11.55,10,0
108.7,41.6,11.7,42,303.5,430.6,10,362,82.6,828.4,102,82.3,11.3,309.5,10,10.7,58,24.3,29.4,29.7,10,90,559,216.5,17.1,10,15,112.1,10,157.5,10,11.2,10,14.5,10.7,674.6,41.3,10,17.4,201.2,11.8,123.8,10,10,251.8,10.6,218.1,94.5,217,149.8,10,10,10,31,229.6,10,10,10,1100.3,13.6,10,10,88.8,45.8,10,10,10,14.3,156.4,13,62.7,18,10.4,173.1,10,10,10,17.6,10,10,10,10,1167.9,10,10,461.3,933,1388.2,10.7,33.2,10,10,12.7,10,26.6,10,10,20.6,12.8,10,13.2,82,86.3,75.6,10,15.8,676.7,138.2,10,41.9,24.1,110.6,125.7,158.4,988.1,403.9,247.1,10,10,20.6,10,114.1,10,10,13.1,143.2,11.9,10.7,10,12.9,10,102.1,10,110,10.3,10,27.9,13.5,252.3,64.2,10,10,10,10,10,1715.7,10,13.2,92.5,10,10,56.5,11.6,22.4,10,10,10,10,10,10,68.8,37.2,193,10,10,10,10,17,32.1,10,1284.6,10,10,10,122.8,218,10,10,18.5,173.5,10.7,10,0
76.8,50.7,10.6,92,461.7,31.3,10,130.4,229.8,389.2,458.1,140.7,30.8,280.7,10,16.6,62.1,63.1,23.3,16.1,28.2,10,93,230,11.7,10,20.8,24.3,10,42.1,11.6,18.6,10,18.1,10,220.9,55,10,22.9,55.3,10,132.5,10,22.6,27.8,10,11.4,10.9,242,72.9,10,32.9,10.3,10,13.6,10,46.4,10,939.8,24,45.5,10,54,30.1,42.9,10,10,1929.8,10,18.7,22.7,20.7,13.4,117,10,10,10,11,10,10,10,10,31.3,10,10,93.4,28.7,10,14.6,60,10,10,10,10,22.5,10,10,30.6,11.1,35.5,12.3,31.5,24.7,56.5,10,130.9,184.9,272.1,93.4,77.1,34,86.2,97.8,103.8,819.3,183.7,95.5,17.8,10,21,10,110.2,10,33.7,50.4,51.1,25.1,58.1,10,187.4,10,66,10,109.4,13.2,12.8,14.3,23.7,72.8,87.7,10,10,421.9,10,10,169.5,10,37.3,31.1,10,18.7,16.1,86.3,24.3,21.8,40.4,15.8,26.1,21.6,22.6,52.4,79.5,218.4,10,21.1,10,10,13.9,12.1,17.6,47.8,10,12.4,10,10,132.4,26.8,10,10,82.7,13.4,10,0
190.4,71.1,10,10,118.3,1949.9,440.7,10,47.6,29.9,10,24,16.6,19.1,336.9,15.1,10,10.6,65.1,10,145.4,20.7,36,35.5,215.7,109.4,10.3,20.9,15.1,295.7,1185.8,407.3,166.6,10,192.6,10,10,540.2,190.5,27.1,290.9,10,11.2,10,22.6,27.4,144.3,58.2,11.5,10,11.1,10,41.8,137.9,10.7,227.8,10,118.6,10,164.4,10,347.9,10,15.7,10,46.3,248.7,10,203.2,177.4,20.3,115,70.3,10,10,82.4,106.4,28.9,77,63.9,379,171.1,10,281.5,88.4,10,237.2,10,108.1,13.1,10,218,10,125,21.4,10,12.2,10,123.7,71.2,37.1,10,56.1,322.6,178.9,19.3,91.4,10.2,10,10,10,10,10,10,20.6,10,10,16.9,309.8,16.3,10,10,10.6,10,10,282.5,10,10,41.6,10,600.8,15.4,16.4,10,33.9,207,90.2,11.9,21.1,17.4,186.4,500.4,12.1,115.9,10,134.1,257.7,10,284.7,10,10,248.4,10,12.2,10,10,10,10.4,10,10,10,10,11.3,261.7,169,307.6,75.3,130.8,265.3,175.1,10,211.3,113.7,42.6,92.9,10,136.4,118.9,167,31.8,213.1,189.9,1
10,130.4,36.9,308.1,19.8,433.2,225.4,10,707,30.6,25.2,19.5,20.7,26.2,47.7,1066.7,26.9,37.5,91.5,35.1,10,10,181.9,31.8,24.4,63.5,56.6,16.7,10,278.2,560.8,21.6,10,101.5,10,45.7,25.8,169.3,154.6,10,44.1,78.3,388.3,704,22.3,349.2,18.9,14.3,10,10,24.9,10,26.2,38,167.5,21.6,13.4,26.9,12.4,32.4,48.9,16.3,42.4,10,10,17.5,21.5,10,53.4,88,10,10,33.8,79.1,10,47.4,49.2,14,40.4,10,10,10,10,10,10,10,11.3,10,69.6,36.5,19.6,10,32.6,11.8,25.7,10,162.2,79.3,10.9,30.2,153.6,22.6,51.8,46.8,10,659,10,28.8,10,322.8,96.3,17.2,10,10,30.5,11.7,10,160,72.6,10,77.1,10,465.9,83.4,169.2,278.4,78.4,29.6,34.4,248,263.8,47.3,132.8,12.5,10,10,32.5,25,10,80.5,10,353.3,10,16,10,131.3,10,90.6,11.5,44.6,68.6,10,225.5,28.8,86.3,72.9,22.3,82.9,62.9,87.9,35.7,607.5,29.3,50.2,10,10,12,23.5,10,38.5,23.3,34.2,26.5,71,19.4,11.4,406.7,19.9,29.7,10,26.2,16.3,1
18.3,71.2,11,73.3,23.6,10,157.5,10,752.8,10,10,24,10,24.9,10,779.5,19.9,45.7,120.8,10,10,10,125.3,10,10,16.7,44,10,10,10,16.5,22.6,10,31,10,78.7,10,12.1,159.1,10,10,58.5,205,480.7,10.9,109.3,10,10,10,10,10,10,10,10,10,10,10,10,10,16.2,30.2,10,50.1,10.3,10,10,10,10,10,52.4,10,10,15.8,57.3,11.5,11.7,10,10,10,10,10,10,10,10,10,10,10,10,11.7,27.8,10,10,10,10,14.3,10,79.8,31.3,10,10,10,10,10,10,10,662.2,10,30.5,10,254.4,60.5,10,10,10,27.8,10,10,115.7,10,13.9,10,10,332,71.3,264.9,13.8,81.4,10,10,117.3,10,26.8,35.3,10,10,10,10,10,10,42.2,10,22.1,10,10,10,82.3,10,120.4,10,34.6,84,10,253.9,16.5,91.1,170.6,31.9,67.3,73.1,123.7,29.3,346.8,28.8,10,10.6,10,10,10,10,10,14.4,10,11.9,10,10,13.9,380.8,10,10,10,14.1,10,1
125.2,10,10,32.8,13,2371.4,11.3,10,15.1,10,50.7,10,39,10,1142.2,296.4,10,10,103.2,195.4,108.3,78.3,27.6,153.8,268,104.6,10,403.8,61.9,1080,1225.9,477.8,258.3,10.3,50.5,10,10.5,1253.6,247.8,35.3,492.3,10,104.2,148.4,42.1,414.5,123.9,262.1,17.5,10,90.6,10,76.9,174.8,175,488.5,10,155.5,16.3,48.6,10,206.4,10,10,10,247.7,187.8,10,123.1,83.2,10,57.6,173.2,10,21.8,164.4,50.7,355.5,296.2,300.4,229.4,161.2,10,466,182.1,10,106.2,10,38.7,10,114,437,37.5,117,13.1,10,102.4,24.8,138.7,95.6,140.8,10,92,88.2,77.5,100.2,53.2,11.8,10,476,23.6,10,10,10,23.5,10,10,105.1,488,10,272.6,10,20,37.3,36.8,720.9,10,14,854.1,108.2,1129,10.8,83.5,10,93.7,204,165.5,83.3,10,10,340.9,304.8,10,147.9,10,65,183.8,13.8,95.3,24.1,21.8,87.3,45.9,14.3,12.7,23.6,17.8,32.1,14.8,10,10,17.8,10,188.1,257.6,313.2,80.5,83.5,10,190.6,10,129.3,95.5,139.3,158.2,10,224.5,123.8,202.3,35.6,246.6,144.7,1
365.5,396.2,137.4,2011.2,1440.2,11585,1625.3,10,212.6,459.4,191.1,1872.3,866.3,71.2,2215.9,2582.9,694.5,360.3,614.3,35.2,239.4,60.4,86.8,350.2,903.2,562.7,102.4,342.7,10,5176.4,4516.4,360.8,67.8,309.2,69.4,677.7,102.5,1826.1,546.9,2672.7,873.2,1178.6,842.8,855.2,259.5,1117,22.9,288,94.8,89.7,116.2,39.9,2237.8,209.7,89.6,539.7,12.7,461.4,147.5,443.3,154.4,403.9,121.4,1094.5,30.3,785,857.7,53.5,280.7,830.8,1255.7,100.3,207.8,4369.1,95.7,197.4,725.2,165.3,516.1,63.2,463.2,352.7,11.1,75.4,204.1,49.5,125.3,10.5,1234.5,148.8,71,137.4,78.5,444.2,97,763.8,455.2,543.8,455.3,825.1,131.6,29.1,147.1,3270.6,708.5,119.6,187.8,172.6,10,508.8,442.9,521.7,10,10,174.6,466.6,273.5,681,1500,10,45.2,50.9,479.5,686.3,1818.3,5433.5,690.1,357.6,1185.9,2370.8,2091.7,755.6,782.9,277.5,275.5,107.1,496.7,612.6,1262.3,678,728,2110.4,90,474.5,10,113.4,517.9,539.8,1054.8,665.9,1357.7,727.1,2774.6,43.3,975.6,717.1,2171.3,1939.8,676.8,918.4,2150.5,3139.3,201,1267.2,1471.3,350.9,301.5,400.6,3067.4,519.4,288.1,1259.3,314.8,237.1,395.6,51.6,183.6,334.6,593.5,3663.1,506,454.1,1
10,19.7,10,18.4,21.5,110.8,10,10,17.1,499.1,1388,17.2,10,400.5,10,16,10,10,74.2,10,10,59.6,24.2,29.5,10,10,10,10,10,282.4,10,44.4,10,10,57.8,10,10,10,10,76.7,111.4,10,10,10,71.7,12.1,10,28.9,223.7,131.1,210.9,10,10,10,124.7,10,10,10,628.1,12.1,10,10,65.6,22.6,28.7,10,10,331.6,79,10,103.8,30.6,10,77,10,10,10,10.9,10,13.6,10,10,37.8,10,10,10,65.7,10,10.6,39.5,10,10,10,15.8,19,10,10,10,14.6,10,11.5,10,119.5,20.9,10,15.9,305.8,257.5,10,25.2,15.6,10.8,122.9,129.7,1010.3,10,10,10,10,10,10.3,162.2,10.3,10,10,284.5,10,10,10,16.6,10,10,15.2,10,10,10,10,10,32.3,10,10,10,496.7,10,10,16.1,10,27.4,50.2,10.1,10,27.5,16.4,10,10,10,10.5,13.7,10,10,35.1,10,137.7,10,300.5,10,10,10,10,10.1,88.9,10,10,10,12,10.3,10,10,10,72.9,10,10,0
11.9,34.6,20.05,180.45,297.75,18.7,12.85,10,26.55,150.45,65.35,103.85,11.65,230.8,10,10.25,24.45,10,10,10,10,10,201.1,22.9,10,10,43.8,10,10,34.8,10,56.35,13.15,22.65,10,10,352.95,10,10,83.85,10,40.65,10,10,107.25,10,10,347.7,125.85,79.4,10.45,10,10,11.15,400.45,10,10,10,1064.2,11.1,13.95,10,13.5,65.05,67.9,10,10,10,23.8,29.05,52.7,10,10,128.1,10,10,10,17.1,10,10,10,10,1261.5,10,10,13.75,15.85,608.35,11.4,67.6,10,10,12.85,10,57.55,10,10,54.7,14.3,14.95,17.95,57.65,10,10,10,10.95,234.8,380.3,10,1580,29.85,36.25,181.75,202.65,1006.5,12.95,10,10,10,33.55,10,26.35,10,947.5,628.45,54.05,192.9,13.45,10,156.6,10,41.4,12.55,24.3,12,10.5,10,10.4,30.65,119.1,10,10,16.8,19.4,10,22.45,10,120.15,52.85,199.85,442.9,46.25,1314.2,43.35,439.75,516.6,325,606.5,291.35,276.65,100.75,12.15,177.05,10,10,10,10,20.25,11.45,29.05,38.3,10,10,10,15.2,116.2,45.15,10,12.75,113.2,10,10,0
17.95,95.3,16.8,119.6,535.25,49.25,10,297.55,227.3,525.1,429.05,104.95,55.5,147.45,10,10,72.25,161.9,25.95,29.95,41.4,200.3,242.95,165.4,36.9,10,36.55,20.9,10,13.4,13.95,24.15,13.1,27.3,10,227.5,140.45,10,28.15,42.35,49.3,90.05,10,10,152.2,10,22.55,52.7,129.8,84.95,10,78.25,15.25,10.6,260.25,10,60.8,10,439.55,53.6,104.3,10,121.3,55.9,83,10,10,22.25,52.35,23.35,113.95,21.75,10,167.1,10,10,10,11.2,10,10,10,10,755.45,10,10,256,58.95,389.75,11.95,75.25,10,10,10.1,14.85,44.65,10,10,27.85,12.15,17.65,15.4,96.95,21.8,49.2,10,15.05,337.15,190.35,196.3,334.35,52.5,81.15,104.95,128.5,747.2,97.5,66.6,10,10,44.15,10,71.95,10,115.2,160,26.25,54.4,79.5,10,110.6,10,82.4,10,57.3,12.4,13.7,17.9,48,40.75,152.9,10,10,200.8,10,10,82.35,10,65.1,17.55,38.8,66.35,10.5,183.65,33.25,63.15,45.15,29.9,93.7,64.15,77,76.55,33.7,89.35,10,22,10,10.75,10,25.05,14.15,245.8,16.05,10,10,115.75,146.25,21.45,10,13.65,60.95,15.5,10,0
94.3,101.6,13.5,93.2,221.9,321.8,13.4,1230.6,95.7,991.2,112.8,98,15.8,173.3,10,18.3,126.5,36.8,45.3,50.6,10,309.1,461.8,196,20.3,10,18.2,31,10,133.7,10,14.2,10,28.5,10,325.1,30.6,10,33.7,458.5,12.1,121.5,10.1,12.2,158,10,182.4,45.7,167.9,124.7,10.5,12.6,10,26.2,40.3,10,10,10,1124.7,10,10,10,208.2,78,10,10,10,14.9,106.5,15.8,227.3,22.8,12.2,408.6,11.7,10,10,12,10,10,10,10,1221.4,10,10,1283.8,334.3,1298.5,16.2,46.3,10,10,10.4,13.2,28,10,10,29.2,22.7,10,16.1,46.9,88.7,51.3,10,32.7,857.6,113.8,22.5,123.9,28.9,115.3,128.2,145.2,922.8,211.4,132.4,13.1,10,18,10,81,10,34.4,32,145.2,29.4,35.7,10,78.4,10,120.3,20.4,131,12.1,11.6,50.9,28.4,139.5,146.3,10,10,10,10,10,778,15,20.7,88.6,14.2,29.7,56,53.8,31.2,22.4,10,20.3,46.2,18,25.5,180.6,65.8,197,10,12.7,10,14.4,10,42.2,10,1484.3,13,10,10,89.6,328.7,17.4,10.8,16,458.5,14.8,10,0
60.4,78.8,10,47.3,161.5,64.1,10,386.5,27.7,384.6,17.4,76,10.2,132.9,10,19.1,63.3,17.1,117.2,19.6,14.3,69.5,12.4,52.8,21.3,10,15.5,10,10,157.8,10.7,19,10,40.5,10,33.1,10,10,10,184,295.1,37.7,10,12,10.8,11,10,72.5,107.7,82.7,10,10,10,15.4,11.3,10,10,15.3,229.2,203.1,10,10,19.2,73.6,10,10,10,447.4,29.5,11.6,485,12.9,10,225,10,10,10,13.6,10,10,10,10,17.2,10,10,10,10,10,10,22.1,10,10,10,30.1,16,10,10,12.7,10.6,10,10,362.4,149.3,10.9,10,44.4,10,117.7,13.5,48,12,34.9,113.4,192.1,727,16.4,10,10,10,10,10,40.2,10,64.2,27.8,107,27.3,14.9,10,36.3,10,43.6,12.8,15.2,10,10,37.3,24.3,34.4,21.8,10,10,175.6,10,10,10,10,37.2,34.7,10,30,16.1,33.8,10,11.4,12.3,10,33.6,26.9,10,75.3,102.7,30,10,54.6,10,10.7,12.2,10.9,49.4,11.3,13,10,10,155.6,16.1,18.4,13.1,12.5,285.3,10,10,0
30.9,89.6,10,39.3,171.7,44.7,14.8,21.6,98.5,1047.8,43.5,170.8,20.2,355.5,10,17.3,71.8,38.3,289.5,16.9,10,144.2,581.8,129,25.7,10.2,10,39.1,10,132.7,60.3,86.2,19.3,28.3,25.9,163.8,10,10,16.2,44.6,52,160.7,10,10,108.1,26.6,10,692.4,379.2,235.4,838.8,42.7,10,12.3,980.9,10,24.2,10,832.3,12.3,12.2,10,132.6,81,1316.9,10,10,4567.4,331.4,62.4,131.8,879.6,10.6,201.7,10,10,10,16.8,10,10,10,10,126.8,10,10,36.7,10,54.2,17.3,106.1,28.7,10,14.3,12.2,86.5,10,10,16.4,15.1,37.1,20.2,27.3,388.5,65.1,10,26,1804,427.3,60.4,171.1,11.4,165.2,348.8,427.6,1555,110.4,105.3,19.2,13.3,47.2,10,516.3,13.9,64.4,103.6,163.6,33.8,33.6,10,381.7,10,147.7,10,96.4,12.3,10.1,30.9,31.9,189.5,115,10,10,22.9,10,10,133.7,10,50.6,259.7,22.5,32.2,178.6,138.8,47.9,30.5,69.7,51,80.4,51.4,51,136.5,83.3,123.4,10,65.9,10,10,57.8,13.9,10,119.8,16.9,10,10,10,14.5,12.5,18.8,10,83.1,13.8,10,0
81.3,10,10,42.8,21.6,1335.7,11.5,10,12,67.2,13.9,10,53.7,10,612.1,206.7,10,10,14.2,125,166,10,10,92.1,116.7,57.4,10,101.4,296,535.1,676.1,326.5,121.7,24.8,20.9,10,10,355.8,22.8,14.8,298.4,10,187.5,36.4,16,289.2,302.8,49.6,10,10,39,10,82.5,65.8,61.4,107,10,212.8,10,151.1,10,272.7,10,10,10,469,317.8,10,72.3,99.5,10,46.7,125.1,10,17.8,78.8,146.3,376.7,408.3,23.4,24.8,132.9,10,188.5,138.5,10,148.8,10,38.2,15.7,39.5,141.9,94.3,74,12,97.3,238.5,12.3,11.6,84,149,10,66.6,66.9,80.2,35.2,10,10,10,66,16.3,10,10,10,14.9,10,10,236.3,420.3,10,111.3,10,17.7,21.3,18.8,450.2,11.2,25.3,469.1,129.7,923.3,13.4,24.6,10,13.8,78.9,66.3,10,10,10,146.1,157.2,10.6,24.6,22.8,49.1,134.6,20,89.6,10,20,39.3,31.4,10,10,15,10,36.5,14.3,10,10,16.6,10,144.5,208.6,76.1,148.4,48.3,85.1,148.4,10,108.9,99,106.8,51.4,10,114.6,91.8,101.6,21,109.4,53.9,1
547.1,267.6,257.5,2592.3,471.5,15246,82.7,16.1,970.3,73.5,655.8,95.4,285.7,89.5,4543.6,1267.3,124.1,109.8,1316,11188,35.3,597.5,18.3,2684.7,987.7,5930.8,187.8,13299,1613.8,5260,11256,1690.8,406.6,680.1,1627.9,84.6,99,10500,1560.3,230.6,1560.6,129.3,193,2755.7,1433.7,2018.2,1931.6,4792.6,49.2,240.4,10157,10,326.9,1167.3,2347,1313,15.5,1254.5,125.3,250.4,42.8,1270.2,91,63.4,216.1,40.1,1523.2,79.7,2987.8,1179.7,96.9,526.6,4058.8,146.9,4482.6,2627,5978.4,6361.4,2032.9,4716,112.4,937.5,10,2973.4,1436.3,78.1,205.7,10,1812.5,674,11424,1818.9,1662.5,1768.7,592.5,900.9,102.1,700.9,147.7,874.8,6952.8,30.7,4596.9,1836.3,1068.1,4513.5,168.4,208.8,10,690.8,188.6,273.6,10,11.2,169.8,613.5,462.7,169.4,4012.5,432.6,11561,17.3,525.6,456.6,870.8,4450.2,254.5,147,4517,2909.7,9349,428.9,421,99.6,1575,1921.6,1370.6,188.3,308.6,289.4,366.8,7628.7,66.3,1068.6,9377,1430.3,422.9,376.4,1058.1,125.4,342.3,721.4,1108.4,362.6,326.6,305.4,294.8,932.2,329.5,536.5,56.2,3492.1,78.2,2001.9,385.9,522.6,633.2,2503.1,102.4,1596.6,126.5,1058.4,1556,1813.8,786.5,23,7217,853.5,1608.2,177.3,306.1,567.6,1
129.5,68.7,10,10,118.8,1761.8,241,10,77.9,63.3,10,59.1,24.6,20.8,220.8,10,10,10,55.3,10,118.8,41.9,34.4,42.8,124.1,68.6,15.9,18.8,10.4,215.4,958.8,256.4,125.5,10,97.1,10,10,373.4,177.6,48.6,132,10,10,10,21.9,21.3,150.9,48,10,10,10,10,38.6,89.3,10,152.7,10,109.6,11.5,82.4,10,288.8,12.9,27.3,10,10,161.5,10,114.6,163.7,45.9,64.9,56,53.7,10,18.4,24.2,11.3,26.3,117.6,316.3,103.3,10,157.9,61.9,10,211.3,10,19.9,29,10,109.5,10,99.1,12.4,10,10,10,97.2,41.3,16.7,10,35.7,124.4,145.4,19.2,37.8,10,10,10,10,14.9,10,10,15.2,10,10,10,220.3,16.3,10,16.9,10,10,12.9,219.3,10,13.6,47.6,10,89.8,14,10,10,31.9,232,58.3,10,45.1,18.1,304.2,259.6,10,74,10,94.7,263.8,10,319.1,10,10,191.5,10,18.1,10,10,10,14.1,10,10,26.5,10,10,212.8,180,296.3,76.1,67.5,154,110.2,10,160.5,74.8,10,72.4,10,125.3,83.3,113.6,58.1,289.8,167.8,1
10,10,359.5,929.9,78,1328.6,10,10,13.5,10,10.3,20.5,10,10,544.4,15.2,10,20.2,91,10,25.7,44.2,10,16.5,206.6,32.1,19.8,17.2,10,224.8,718.6,95.4,43.7,279.2,23,10,14.2,214.6,67,27.5,17.2,16.5,10,12.3,10,97.1,10,35.7,10,10,10,10,10,44.7,10,178.7,10,51.6,10,42.9,16.4,72.4,12.2,34.6,10,18.1,100,10,24.3,44,18.5,18.9,39.8,30.9,10,47.5,94.7,43.3,10,10,116,68,10,286.6,18.8,10,20.3,10,10,10,10,180.6,10,31.5,10,10,10,188.4,108.6,10,10,10,10,11.7,52.5,10,18.1,19.8,10,10.8,24.7,11.3,10,10,37.4,31,16.1,16.6,183.2,10,10,10,122.5,10,10,225.1,10,12.5,46.1,36,10,35.8,33.1,29.9,47.2,141.1,53.3,10,14,41.7,242,234.6,12.8,35.8,10,32.9,29.6,10,102.9,10,10,75.5,36.5,10,10,12.8,10,12.7,10,10,10.6,82.2,12.1,74.3,110,332.8,31.4,21.8,10,41.8,10.4,134.9,39.5,10,48.8,10,13.3,34.5,38.9,39.1,62.2,198.2,1
85,10,10,14.1,1952.9,12.4,12.6,10,1404,1063.5,20.9,32.5,76.9,207.3,13.6,24.5,24.3,10,10,16.4,53,10,10,10.3,12.7,12.8,1423.2,12.1,10,10,10,58.9,19.8,13.5,10,28.9,21.9,10,328.1,38.2,10,42.2,12.6,137.2,10,12,10,13.4,135,10,11.8,198.8,100,47.1,10,10,946,10,12.1,10,69.3,10,10,16.4,110.3,10,10,10,10,51,35,10,10,36.2,10,10,10,20,10,10,10,10,10,10,10,10,18.5,10,14.8,13.5,10,10,14.2,21.8,13,10,11.5,10,13,10,17.2,261.1,10.2,32.2,28.8,51.3,189.4,110.4,138.1,68.9,875.5,18.5,10,10,102.1,16.8,10,16.1,10,10,10,227.3,10,41.3,48,17.9,32,30.7,19,91.7,10,10,10,16.3,10,10,28.7,117,14.7,203.5,10,10,10,15.3,10,22,15.8,17.9,36.2,18.2,16.9,23.4,52.1,10.5,26.8,38.5,10,28.4,15.6,10.1,13,15.1,221.2,10,20.7,10,11.2,12.1,10,119.3,11.1,11,10,10,10,612.5,69.6,10,28.5,50.9,13.7,10,0
32.15,226.5,20.3,163.25,647.05,35.55,10,321.3,210.3,611.55,457.65,114.15,50.7,223.3,10,12.55,158.9,43.35,22.3,24.6,17.8,239.05,351.4,184.65,32.5,10,66.65,25.5,10,10,14.8,24.5,11.05,56.25,14.9,131.3,298.05,10,35,68.65,32.05,150.15,10,10,182.6,10.35,10,62.7,168.05,131.8,12.25,87.2,13.9,14.9,197.35,10,47.3,10,565.45,112.05,22.4,10,170.35,98.65,40.7,10,10,31.45,59.65,24.85,222.95,33.1,13.2,326.6,13.85,10,10,13.3,10,10,10,10,780.7,10,10,466.1,44.55,358.45,14.4,165.5,10,10,14.15,18.6,95.35,10,10,34.15,18.35,11.9,17.2,134.5,23.35,46.25,10,27.3,579.35,315.35,149.2,433.7,47.1,171.4,144.55,159.85,1023,86.95,46.8,10,10,101.9,10,135.6,10,151,275.15,19.55,67.65,86.15,10,173.95,10,160.7,10,100.45,13,13.95,34.75,45.85,84.65,175.2,10,10,281.8,10,10,91.75,15.5,179.15,35.9,34.9,111,20.85,381.9,73,133.3,194.1,91,139,85.2,115.85,172.5,75.6,98.8,10,21.95,10,10,13,19.8,10.85,272.6,30.6,10,10,138.5,167.9,27.8,10,10,113.3,13.35,10,0
16.8,45.6,10,33.4,76.1,13.2,15.4,176.3,17.5,944.4,1672.7,127.1,28.4,166.6,10.7,10.1,81.5,10,10.9,13.2,61.5,10,779.6,454,10,27.6,76.7,10,10,136.3,10,10.2,10,28.5,31.7,20.5,67.3,10,10,542.1,10,125.5,10,27.8,270.1,40.5,10,104,692,259.3,10,11,25.1,17.7,71.1,10,10,10,1403.9,274.4,10,10,958.7,63.2,1119.6,10,10,22.3,80.2,13.1,174.3,477.5,11.6,640.8,10,10,10,14.8,10,10,10,10,237.2,10,10,10,18.3,20.6,15.7,88.5,10,10,10.5,39.4,53.4,10,10,10,21,68.2,12.8,160.6,36.5,25.6,10,12.7,662.6,372.2,188.4,18.7,32,27,371,568.6,1862.2,11.1,10,10,10,58.7,10,198.8,10,10,10.2,153.1,11,211,10,38.6,10,20.1,36.4,16,10,10,22.2,143.6,114.2,59.7,10,10,765.1,13.1,10,10,14.2,10,156.5,10,10,111.6,12.1,51.1,10,10,10,10,10,10,345.6,43.8,204.5,10,47.5,10,10,10,57,13.3,1201.2,19.5,11.4,10,47.6,85.1,10,10,11.4,612.5,12,10,0
29.8,17.2,10,15.7,87.1,38.7,10,10,26.6,716.2,491,46.5,13,761.2,10,10.8,66.2,10.7,10,10,50.2,62.1,22.8,183.8,33.6,12.2,10,10,10,344.6,10,39.9,16.1,10.6,92.3,65.9,10,10,10,119.4,23.5,54.8,10,10,31.9,10,10,326.3,146.4,119.8,10,750.2,10,14,78.3,10,10,10,11.2,10,10,10,10,29.4,474.2,10,10,10,56.3,10.5,136,10,10,236.8,11.4,10,10,10,10.1,10,10,10,281.1,10,10,10.7,605.1,130.1,10,13.8,10,10,10,15.6,10,10,10,10,15.1,32.9,20.8,221.2,54.3,10,10,385.2,623.5,272.7,10,10,10,29.1,119.4,169.1,1034.6,62.8,34.9,10,10,10,10,232.1,10,10,10,320.5,10,11.8,10,11.6,10,33.8,10.2,11.5,10,10,10.9,10,20.2,38.7,10,10,11.9,10,10,22.9,10,10,134.6,10,10,93.5,10,10,10,10,10,10,10,10,60.7,36.9,120.7,10,24.6,10,10,57,22.2,82.8,89.5,10,10,11.4,10,24,35.6,10,13,189.2,10,10,0
41.1,96.3,11.2,76.4,435.5,16.9,14.1,1179.3,259,937.3,990.7,198.6,80,81.8,10,10,119,23.9,20.5,15.5,49.5,13.8,722.3,52.6,27.7,10,90.6,10.9,10,22.9,14.5,72.5,26.6,29.2,63.3,213,822.1,11.2,227.6,94.1,37.2,159.7,10,10,88.9,10,10,32.5,134.3,136.5,10,144.2,19.3,14.7,81.4,10,99.8,10.9,923.6,13.8,442.3,10,63.4,50.6,829.1,10,10,14.7,80,21.5,84.3,11.3,10,186.5,10,10,75.4,16.4,10.2,14.8,10,10,58.5,10,10,75.9,31.2,13.3,14,52.5,10,10,10,29.4,43.4,10,10,29.8,14.1,10,21.1,266.4,39.9,30.9,19.1,514.6,713,522.8,123.5,410.7,14.7,207.8,113.1,127.1,619.8,152,106.3,10,10,30.7,10,78.4,10,50.6,72.1,30.5,39.3,71.1,17.1,315.4,29.1,165.3,10.1,53.4,10.9,10,26.1,22.8,35.7,119.1,10,10,10,10,10,15.3,10.9,67,30.5,27.2,31.6,44.7,105.5,25.9,40.5,49.9,32.9,83.1,41,69.9,132.7,74.4,248.3,10.9,22.6,10,10,14.9,27.5,30.9,228.5,13.9,10,24.9,116,461.5,29.6,10,36.1,107.1,20.1,10,0
32.7,50.5,10,52.3,206.5,57.4,10,18.6,76,1108.8,35.1,103.7,11.2,391.8,18.3,24.1,61.2,23.5,289.9,25.5,10,103.2,722.7,131.3,29.7,10,10,47.5,10,138.8,43.4,83.9,18.2,24.3,29.9,575.7,44.8,14.1,18.8,35.1,67.7,83.8,10,10,94.9,85.5,10,650,358.4,278.3,1069.6,64.3,10,10,958.4,10,27,10,892.7,12.7,10,10,160.5,50.6,1237.2,10,10,4350.3,363.4,78.6,111.8,659,10,112.5,10,10,10,14.8,10,15.8,10,10,43.5,10,10,55.9,18.7,28.8,13.1,101,18.7,13.7,12.2,10,48.1,10,10,16.1,15.1,60.6,27.3,32.7,288.3,84.8,10,26.8,1370.5,412.6,29.6,74.1,11.5,123.3,331.6,488.1,1818.2,307.3,202.5,19.4,10,31.5,10,470.2,12.9,67.1,32.4,173.8,42.8,37.5,11,135.7,10,98.8,10,113.3,12.5,12.9,24,33.1,156.1,83.7,10,10,21.7,11.6,10,61.1,10,22.9,241.1,10,21.3,132,56.3,43.9,10,14,10,26,22.9,10,57.4,43.5,131.3,10,64.2,10,10.5,62.4,10,10,88.5,12.5,10,10,10,15,10,20.6,12.9,56.1,20.1,10,0
1056,4878.8,553.3,3397.2,3026.7,10486,2405.5,642.4,1789.6,638.1,416.9,2505.8,1663.9,402.7,2259.9,1599.9,1704.3,2485,373.8,29.8,494.8,31.2,35.5,373.9,855.7,804.8,212.6,4762,10,5374.8,4714.8,285.1,47,939.9,263.6,1906.2,349,2156,179.7,2501.8,893.3,3120.2,367.1,368.8,144,151.5,17.8,294.5,83.8,77.3,115.3,16.4,1690.5,300.7,68.2,348,18.3,509.9,247.2,398.4,1141.7,254.2,238.7,1419,64.4,206.3,949.4,155.2,439.3,503.5,4186.2,63.5,238,2508.7,84.1,160.2,198.2,197.9,199.6,116.5,165.8,239.4,10,12,74.5,20.9,142.8,10,1203.3,1917.8,101.7,94.1,111.2,345.4,972.8,74.8,176.8,854.1,250.4,757.5,148.8,87.4,297.2,2843.5,562.8,127.5,166.4,509.4,10,2179.8,1796.2,3357.1,10,37.7,418.2,1814.3,1414.5,1262.7,1378.1,949.2,29.8,68.4,895.8,4764.4,7146.4,5441.6,2654.3,1679.7,241,2405.2,134.1,2502.6,690.1,1951.4,238.9,113.7,268,2324.5,1357.3,936.9,336.3,538.5,73,585.3,10,489.3,524.7,2328.7,502.7,3604.2,1598.2,436.7,8324.9,913,5112.1,5536.6,3141.3,7463.7,1943.7,5869.8,1223.7,3454.6,309.3,797.8,829.6,490.1,423.1,372.1,2659.8,627,525.9,703,465.1,261.5,260,96.1,563.3,262.3,475.6,2981.6,226.3,378,1
10,33.5,10.8,133.3,41.3,1762.3,10,10,12.3,202.2,30.1,53.7,67.9,12.7,528.1,805.5,37.3,10,92.4,1186.2,34.3,271.8,10,169.6,100.9,128.6,18.1,24.7,116.4,863.9,1251.3,82.8,23.8,42.3,22.6,10,28.8,650.7,465.5,199,612.2,90.4,89.9,95.5,47.1,224.9,11.5,886.5,35,22.1,212,10,49,92.2,731.5,101.4,24.7,136.7,10.1,29.1,10,16.5,10,41.2,10,91.8,73.6,10,100.4,79.5,66,22,118.7,91.4,11.9,10.5,10,15.8,164.9,212.6,86.5,103.6,10,131.1,77.6,10,11.3,10,17.1,19.2,225.2,94.4,359.4,72.3,10.7,45.8,65.4,37.6,38.9,119.8,71.8,10,165.6,109.9,62.5,45.9,26.1,21,10,166.6,84.8,10,10,10,22.3,10,10,119.3,172.3,10,737.7,10,26.2,56.7,88.5,611.7,35.6,28.3,1226.7,115.8,1117.9,19.4,63.6,11,38.1,96.8,75,64,15.2,190.1,245.6,108.1,10,92.7,10,230.9,84.3,30.4,80.1,51.1,27.8,49.2,135.3,10,58.1,49.1,49.5,99.7,36.2,48.6,49.8,73.1,10.3,86.9,191.8,51.7,61.5,149.1,10,161.5,18.7,95.9,40.1,119.5,47.6,10,182.8,58.6,91.6,211.9,120.4,30.8,1
83.6,29.2,10,51.4,12.7,2207.3,66.4,10,15.3,13.9,14.6,10,189.4,10,490.5,561.3,10,10,50.9,26.7,213,10,23.6,189.8,230.4,144.8,10,40.8,23.7,807.3,1243.4,156.2,61.2,14,273.3,10,10.7,477.4,80.3,10,520,10,267.1,511.8,25.1,342.6,14,72.3,10.5,10,40,11.4,62.5,165.1,98,182.1,10,93.3,10,361.2,10,197.6,10,10,10,268.5,236.9,10,252.5,133.6,10,43,182.5,10,10,359,255.9,371.6,36.4,33.8,269.1,77.8,10,432.8,128.1,10,172.8,10,77.1,33.7,15.5,321.2,16.4,178.2,19.7,10,298.1,18.5,100.6,40.1,45.3,10,87.5,425.5,154.3,60,125.8,15.5,10,170.9,23.1,10,10,10,20,10,10,243.9,547.3,10,10,10,30.6,72.7,137.3,615.8,43.6,38.9,203.2,363.3,451.6,10,183.1,10,61.5,238,141.7,16.4,10,43.8,30,416.7,11.6,115.5,10,50.5,105.5,39.4,191.8,39.2,43.6,122.7,294.5,16.7,97.3,139.9,49.1,154.6,42.1,88.8,10,45.4,10,206.9,197.4,142.9,81.6,87.7,326.2,155.5,10,62.6,165.1,289.4,50.7,10,122.2,102.9,72.1,10.5,160.8,105.6,1
86.9,105.1,1487.5,7525.4,440.5,9995.8,64.1,49.9,1482.9,134.9,209.5,107.6,158.9,33.3,2652.7,1344,182.7,732.9,365.8,1516.9,270.1,659.8,17.3,1483.8,686,735.4,219.1,2232.8,1089.2,1363,5484.6,1119.1,354.6,2264,118.3,317.5,247.8,4889.6,675,426.5,1385.2,493.4,753.5,1106.5,194.5,1485.4,657.3,955.7,75.8,100,523.3,10,78.5,353.1,529.4,837.6,10,367.6,108.8,199.2,208.9,728.3,217.8,149.1,71.5,453,439,63.9,310.7,501.5,38.1,246.8,595.3,152.1,1019.3,614.3,1599.9,5358.5,1261.1,2183.9,341.8,315.1,23.3,1617.4,408.8,25.2,161.4,10,455.8,412.4,576.4,536,1105.1,408.7,269.6,1731.8,498.2,1737.7,728.6,411.7,487.1,27.4,710.5,532.1,461.1,1612.8,66.1,178.1,22.7,5326.4,251,869.1,15.1,17.6,253.7,1737.2,1426.4,653.7,2246.4,153.1,1388.8,15.1,1571.5,1721.5,2003.6,1659.3,559.4,60.6,3643.4,3589.2,6062.7,1451.5,280.5,931.8,466,764.1,589.7,206.1,314.5,305.5,442.7,2654.3,45.6,335.5,233,274.2,617,1432.7,427.8,302.9,179.9,284,3581.3,200.9,802.6,1220.7,868,1474.1,497.4,1026.7,88.3,3559,138.4,643.2,354.3,1007.7,303.7,369.5,61.4,691.8,174.7,525.4,318,348.6,246.6,10,1844.8,269.3,713.7,461.9,395.2,502.3,1
63.5,59,15.1,108.2,2267.8,15.9,21.1,2279.3,204.9,1145.8,608.2,143.1,34.9,603.1,10,10,67.4,88.4,47.6,18.1,32.9,274.2,10.4,226.6,40.2,11.9,39.4,124.7,10,36,10,73.9,24.9,12.3,78.5,335.1,194.6,14.4,37.5,10.8,62.1,80.7,10,10,153.3,17.3,793.8,48.1,102.9,160.6,11.5,151,33.8,12.4,314.3,10,66.8,10,508.5,12,10,10,38.7,51.6,79.4,10,10,13.7,185.3,99.8,38.9,10,10,44.4,10.3,10,16.5,33.3,10,21.7,10,10,651.2,10,10,1658.7,12.3,140.2,13.6,259,10,11.1,12.8,53.2,119.6,10,10,39.7,23.3,18.7,20.5,561.2,133.9,52.7,10,232.8,341.6,313.6,169.9,122.8,31.3,113.2,316.1,309,1452,97.5,80.3,20.2,10,111.5,12.8,156.4,10.6,26.2,33.9,53.1,22,28.2,10,137.1,17.5,199,10,54.9,23.1,10.7,17.5,64.5,25.9,194.1,10,10,46.4,10.4,10,184.7,14.8,14.8,91.9,16,24.5,60.7,31.1,91.5,25.4,30.2,18.6,46.9,22.9,22.6,26.6,34.6,178.8,10,53.7,10,13.7,17.6,10.7,61,623.3,10,10,10,129.8,236.9,14.1,14.6,31,10,20.8,10,0
10,10,14.3,90,1000.8,126.7,10,1325.3,266.8,594.9,1426.9,45.1,51.9,72.6,10,22.6,11.9,76.1,96,77.2,38.7,95,728.5,150,23.1,10.7,58.5,16.3,10,70.1,17.7,19,10,21.7,10,69,47.5,10,41.1,14,91.7,44.5,10,10,264.8,10,119.1,301.8,285.7,176.4,10,235.8,22.2,23.4,760.6,10,75.7,10,895.5,34.1,106.5,10,42.6,25.6,703.7,10,10,22,88.5,29.3,42.4,40.8,10,44.1,10,10,10,14.9,10,10,10,10,1621.5,10,10,2057.9,34.1,1103.2,10.6,523.1,10,10,10,27.9,350.4,10,10,32.1,10,35.5,14.7,111.1,153.3,25.4,10,918.3,1292.9,320.9,214.9,121.4,25.6,61.6,176.8,219.1,1178.5,62.6,48,20.8,10,253,10,183.3,10,28.3,32.6,84.8,18,150.1,10.4,115.4,15.7,39.3,10,25.5,10,10,12.5,65.5,13.6,10,10,10,53.5,10,10,101.2,10,27.5,77.3,13.5,16.4,32.8,48.1,301,10,15.7,15.6,10,24.1,10,20.5,21.7,89,10,18.2,10,10,10,52.7,18.5,1287.5,10,10,10,22,28.8,10,11.8,10,10,10,10,0
15.5,60.2,14.2,85,247.1,72.6,10,37,108.9,330.6,877.1,95.8,20.3,252.6,10,28.5,73.3,52.4,211,21.5,22.3,10,142.5,91.5,22,10,15.9,12.5,10,683.2,10,15.6,10,16.6,14.4,109.5,37.2,12.5,17.7,161.1,11.5,99.9,10,11.3,139.2,10,10,47.4,216.2,79.5,10,59.6,10,10,10,10,37.6,10,778.9,23.1,18.5,10,57.1,33.2,10,10,10,74.6,26.9,15.3,73.2,39.1,10,235.7,10,10,10,10.8,10,10,10,10,26.8,10,10,55,104,10,10,132.4,10,10,10,10,73,10,10,24.5,20.4,10,15.1,192.6,56.6,30.8,10,10,191.9,694.5,101.4,43.9,21.9,42.5,92.7,123.8,690.1,94.4,68.4,10,10,70.7,10,85.8,10,10,18,470.7,15.4,85.1,10,67.9,10,41.6,10,26.3,10,10,20.2,46.3,38.5,258.3,10,10,10,10,10,42.4,12.8,24.5,27.4,10,10,12.9,27.7,73.7,10,10,13.8,29.3,12.4,10,110.9,76.4,90.7,10,18.8,10,10,10,10,10,583.8,10,10,10,27.5,23.5,14.2,10,10,180.6,10,10,0
33.5,49.3,30.8,146.2,1061.8,15.2,10.6,523.5,200.9,676.9,1152.2,311.3,55.1,367.2,10,32.1,29,104.7,32.3,42.7,88.6,14.5,47.3,241.7,22.1,56.3,28.7,28,10,26.3,11,47.2,11.7,40.4,11.9,62.7,53.8,10.7,304.8,19,207.8,74.5,14.7,10,107,18.7,62.3,28.7,102.5,70.9,10,61.8,26.2,17.6,65.6,10,17.1,10.8,686.2,20.6,168.2,10,23.5,62.5,20.6,10,10,16.3,76.8,27.1,91.5,23.9,10,54.7,10,10,10,18.4,13.6,10,10,10,216.9,10,10,33.2,893.2,95.7,10,40.4,10,10,14.6,36.9,25.5,10,10,53.6,13.6,30.5,17.8,81.3,16.8,76.3,10,120.6,502.7,237.9,258.6,160.2,422.8,99,126.3,106.3,765.6,60.8,42.6,22.6,10,11.2,10,83.1,10,76.9,52.2,36.8,43.3,205.6,37.2,123.9,10,67.1,10,37.1,16.8,10,13.7,76.3,38.5,345.4,10,10,209.3,18.6,10,81.3,12.6,38.4,34.6,25.7,48.7,20,136.4,21.6,46.2,142.4,25,60.1,28,53.6,33.5,126.4,146.1,10,13.7,10,10,22,51.1,47.4,43.7,23.2,10,10,19.1,27.5,24.2,10,25.4,11.7,25.8,10,0
10,10,10,18.1,69.1,11.7,15.4,13.2,315.6,379.3,82.3,40.8,417.9,14.8,10,10,36.9,10,10,26.9,10,10,10,10,138,10,371.4,12.6,10,10,10,159.3,10,10,10,10,10,10,148.6,621.3,63.4,96.2,10,18.9,10,10,10,10,101.4,10,10,568.3,190.8,11.1,10,10,591.9,10,18.4,10,62.8,10,10,101.6,10,10,10,10,10,10,135.7,10,10,78.9,10.7,10,10,10,10,10,10,10,20.5,10,10,10,10,12,14.9,38,10,10,10.4,10,33.6,10,10,10,10,10,19.8,663.4,10,10,39.8,10,10,139.6,1813.8,45.9,942.7,18.9,27.7,10,62.6,15.1,10,10,10,22.6,10,12.6,10,23.6,110.6,10,10,76.9,47.9,10,10,23.1,20.3,31.5,10,10,10,11.4,43.5,12,10,10,10,10,10,10,11.3,19.3,10,10,10,12.6,85.2,21,28.8,36.3,24.8,71.8,34.1,48.6,397.6,46,117.7,10,10,10,10,10,243.9,93.6,34.4,12.7,10,10,10,77.7,25.6,10,10,650.1,10,10,0
18.2,100.4,10,43.95,157.35,25.8,10,468.8,27.5,472.5,898.35,53.3,10,193.4,10,14.25,61.05,10,10,33.1,10,10,556.5,128.7,10,10,19.05,10.4,10,32,10,10.65,10,25.9,10,32.6,225.9,10,19.95,357.6,31.35,101.35,10,10,141.7,12.5,10,32,114.6,115.45,10,11.65,22.7,10,122.15,10,10,10,657.75,11.85,10,10,85.35,80.15,660.75,10,10,214.8,49.85,15.55,194.75,31.6,10,465.65,10,10,10,10,10,10,10,10,323.55,10,10,55.55,97.3,15.45,10.5,1440.5,10,10,10.25,19.3,1090.4,10,10,15.25,10.1,12.65,13,133.75,26.6,15.85,10,73.05,424.95,367.3,16.55,109.85,10.1,33,190.7,195.05,1120.2,10.15,10,10,10,1074.2,10,116.6,10,14.75,19.1,49.25,12.45,13.55,10,25.95,10,44.35,18.2,24.7,10,19.2,21.15,16.9,105.75,122.15,10,10,611.2,10,10,21.25,10,18.25,42.35,10,19.95,29.4,33.75,1127,10,18.55,10,13.65,19.1,10,249.05,50.1,171,10,17.2,10,10,10,21.4,10,132.3,17.9,10,10,33.85,48.2,14.45,10,10,430.9,10,10,0
66.35,10,10,65.2,17.15,539.6,261.55,10,10,10,10,18.9,17.6,10,244.35,73.2,13.35,10,11.65,10,25.6,115.25,33,38.7,175.9,10,10.4,492.75,10,49.75,348.3,10,10,23.85,10,20.15,44.25,101.5,10,45.95,154.6,22.55,75.6,71.6,10,297.25,10,87.85,12.3,10,10,10,18,42.15,39.85,22.75,10,17.5,10.15,11.2,68.75,32.65,10,10,10,98.45,10,10,10,23.7,14.95,15.95,10,28.85,10,10,10,10,128.55,10,10,10,10,10,10,10,10,10,10,10,10,10.45,10,53.65,10,10,49.3,19.25,10,51.4,11.6,10,10.45,313.8,35.9,10,10,10,10,97.55,20.6,10,10,10,11.95,10,10,32.3,36.3,10,10,10,14.35,87,53.95,90.55,34.35,24.9,44.35,23,10,10,55.9,14.9,27.05,10,115.15,10,10,10,60.4,10,10,11,10,10,59.6,23.15,60.4,29.55,14.95,35.7,100.65,10,18.3,16.35,16.05,51.55,29.85,35.45,15.2,33.35,10,36.75,22.6,60,36.5,13.35,10,68.7,10,29.3,38.55,110,65.9,10,19.4,62.4,16.5,59.85,10,52.55,1
59.8,241,10,10,35.1,1289.3,415.3,10,142.9,10.6,10,243.8,22.5,159.2,166.9,114,234.4,252.4,32.3,17.9,54.1,51.2,10.7,67.8,32.3,27.5,79.8,10,10,394.3,350.6,100,23.2,109.5,10,33.5,40.2,182.8,85.6,308.6,58.4,450,18.7,10,15,10.4,10,41.8,10,12.3,10,10,10,17,17.7,41.9,10,36.8,21.9,33.3,10,34.5,19,50.2,10,10,49.4,10,19.5,60.9,140.3,20.1,21.8,126.7,10,10,22.3,14.6,41.5,74.8,19.6,24.3,10,10,25.6,10,41.4,10,21.1,12.1,16.8,10,25.2,34.4,11,20.7,14.8,10,75.7,34.1,115.5,10,32.8,40.2,23.7,13.1,15.6,19.4,10,10,366.4,424.4,10,10,27.3,25.8,10,72.4,83.4,10,14.3,10,54.7,10,10,436.5,10,11,13.8,10,226.9,216.1,66.2,15,24.7,46.6,52.6,21.6,70.4,10,38.7,103.5,10,27.7,10,64.7,44.1,10,37.5,10,10,25.3,10,10,10,10,10,16.2,10,10,63.4,22.3,20.8,81.4,38.7,59.4,53.9,45.3,39.3,121.3,18.8,60.6,27.7,18.3,11.2,10,33.4,28.6,42.6,379.7,55.5,35.4,1
158.8,16.2,11.3,88.7,68.7,2476.7,10,10,13.5,512.3,10,10,112.4,13.7,526.4,677.3,17.7,10,73.2,10.7,155.9,10,40.5,327,176.8,137.7,20.4,21.6,224.7,775.9,853.5,278.7,131,19.8,114.8,10,13.1,555.8,309.1,24.1,174.7,19.2,117.2,184.4,25.5,138.9,339.5,82,10,27.8,13.5,10,60.7,72,27.6,143.9,10,103.2,10,137,10,273.2,11.2,10,10,149.3,262.6,10,64.6,128.5,20,75.6,53.4,45.1,10,47.8,115.4,53.3,120.4,742,107.2,115.3,10,122.4,131.5,10,64.2,10,23.1,16.2,12.3,106.2,10,141.8,10,10,109,35.1,18,86.6,354.4,12.9,50.7,45.1,157.3,10,10,12.2,10,10,10,10,10,10,16.3,10,10,71.1,278,10,13.5,10.9,37.6,10,10,691.4,10,123.5,135.2,10,14.4,10,21,10,90.6,264.6,138.4,20,10,16.9,609.5,314.7,10,61.4,10,41.2,140.2,10,234.5,10,10,157.5,10,10,10,10,10,11.8,10,10,22.5,116.6,10,190.2,141.5,170.4,106,115.9,69.2,277.5,10,176.9,79.5,84.6,37.7,10,199.9,230.7,76.8,43,368.7,147.1,1
17.8,38.1,53.8,366.5,30,2479,11.8,28.6,40.1,11,29.4,26.3,38.6,10.1,599.7,84.4,24.5,325.3,46.8,854.4,56.3,285,16.7,136.1,286.7,186.2,33.6,38.5,10,637.3,1356.8,93.5,34.5,75.7,70.5,16.5,31.4,1085.9,99.2,69.8,100.9,23.2,38.8,44.8,33.1,221.5,304.6,143.7,10,36.2,500.8,10,92.5,119.4,167.7,204.5,12.3,97.1,12.1,70.5,140.3,472.1,10,10.1,10,104.1,303.4,10,134.7,191.6,10,81.9,176.1,85.1,83.4,589.2,782.8,234.9,75.8,19.5,14,134.5,10,201.9,104.3,10,41.8,10,154.4,41.2,213.1,138.2,258.3,75,32.5,112.7,38.9,102.1,115.6,120,125,10,177.9,240.1,72.8,44.5,10,15.3,10,544.5,34.1,35.6,10,10,38.4,281,204.8,41.8,697.5,14.5,1456.3,10,88.2,67.6,141,644,70.3,25.2,32.4,367.8,1253.5,99.8,90.9,42.8,70.8,204,184.1,28.2,14.3,10,147.4,1373.8,77.9,78.8,79.8,27.2,72.7,46.3,122.2,23.4,67.9,48.7,173.9,21.9,48.6,77.3,37.1,121.7,61.6,73.6,34.1,371.3,12.1,419.9,302.7,139.2,51,136.7,120.6,245.8,18.9,230.6,89.9,168.3,94.5,10,167,149.6,109.9,107.4,231.5,120.3,1
18.6,70.3,10,14.7,155.5,16.6,10,1440.2,32.5,421.7,533.8,44.7,18.7,86.9,10,28.4,46.6,10,39.3,17.5,13,109.6,103.2,146.1,10,37.4,76.1,14.1,10,10,12,64.8,16.5,22,24.4,55,38,10,17.8,173.5,10,46,10,81.5,456,15.5,10,158.2,313.1,163.3,10,11.8,16.7,15.2,44.8,10,15.8,11.9,992.7,280,10,10,825.4,41.3,177.3,25.1,10,20.6,59.4,10,91.8,99.7,10,344.4,10,10,10,11.4,13.1,12,10,10,56.4,10,10,10,12.2,64.2,14.4,1512.4,10,10,10,14.8,1111.3,10,10,10,11.4,14.4,16.3,12.2,24.4,94.7,10,19.2,205.2,207.7,56.1,20.6,37,13.2,305.3,529,1625.5,34.6,12.7,10,10,1023.1,10,213.6,10,10,10,10,10,59.6,10,18.4,10,34,14.1,34.6,10,16.8,39.2,33.2,57.2,61.4,10,10,22,15.7,10,14.8,10,15.8,10,10,10,10,11.9,1225.2,10,10,10,14.6,11,10,135.1,48.8,553.9,10,27.3,13,10,10,10,10,83.2,13.3,16,10,10,11.9,10,42,20.6,228.6,10,19.4,0
54.8,111.1,16.3,119,361.3,11.9,11.3,1247.7,166.8,719.7,1479.5,217.5,74.8,67.8,10,19.2,127.6,37.8,24,18.8,89.5,10,316.5,67.1,20.5,10,65.2,44.9,10,15.8,10,66.2,13,51,34.8,125.2,491.8,10,161.3,157.6,54.7,162.5,10,10,90.3,10,10,46.4,106.7,88.3,12.2,52,17.1,13.3,157.3,10,77.1,10,547.8,12.8,90.4,10,95.4,64.6,572.8,10,10,10,82.2,24.7,100,10,10,251.8,10,10,24.9,10,10,10,10,10,23.8,10,10,460,37.5,10,12.5,59.4,10,10,10.2,16.3,46,10,10,48.6,15.2,10,20.2,224.9,24.3,37.5,14.1,243.4,595.2,379,125.9,568.7,25.3,241.9,75.8,58.6,437.5,93.8,79.4,10,10,48.4,10,44.9,10.4,70.8,204.2,24.8,70,52.6,10,286.9,10,169.3,17.4,66.9,10.9,10,23.1,39.2,70.1,167,10,10,10,10,10,29.8,12.2,89.4,47.2,26.2,33.4,34.1,225.9,32.3,71.2,98.3,47.7,121.7,65.6,77.4,156.4,107.3,199.1,10,18.4,10,10,14,31.4,21.5,187.2,10,18,11.7,38.6,514.2,35.6,10,37.5,151.9,13.4,10,0
46.3,52,89.7,363.6,1104.1,15.9,10,324.7,1032.5,711.6,95.3,188.3,143.6,86,10,14.6,168.7,67.5,35,19.5,124.3,10,85.2,58.2,60.8,10,66.9,32,10,16.3,17.6,51.9,23.4,116.9,12.3,691.3,154.8,10,291.7,14.9,10,264.4,10,10,33.4,22.4,18.5,28.2,124.6,34.9,10,661.4,43.3,15.1,36.1,10,309.4,10,152.2,39.6,11.6,10,142.2,29,37.6,10,10,17.3,12,34.1,25,10,10,23.2,18.8,10,10,13.1,10,14.4,10,10,598.1,10,10,204.9,18.2,67.4,10,104.8,10,10,10.4,25.2,57.6,10,16,104.5,16.7,22.1,22,256.2,20.7,119.2,34.6,25.9,527.9,206.8,427.5,144.5,27.6,230.3,37.3,44.5,337.9,243.7,189.7,196.7,12.9,41.2,10.6,62.4,10,90.9,206.3,24.2,82.6,253.6,13.5,433.2,514,168.9,10,261.3,33.6,10,25.2,39.1,72.6,97,10,10,20.3,10,10,1869.4,30.4,95.8,33.8,48.7,96.5,19.8,319,42.4,124.7,136.3,62.4,188.3,67.7,115,10,46.2,106.4,10,23.8,10,16.1,29.2,75.4,23.5,62.3,41.6,10,10,13.2,82.2,52,14.2,19.2,14,22.1,10,0
80.6,39.2,10,10,1394.9,29.1,18.1,10,1202.6,263.5,1616.4,97.7,35.5,154.2,10,93.3,18.7,10,10,10,168.3,10,10,12.3,30.8,10.6,600.3,19.7,10,14.4,11.3,113.6,32.8,27,10,10.5,25.5,23.2,147.9,53,10,126.5,11.1,19.7,10,23.9,10,10.3,240.7,10,10,177.4,22.5,15.6,20.5,10,920,10,28.9,18.7,18.2,10,25.1,44.3,49.4,29.2,10,15.9,10,13.1,10,10,17.9,105.5,10,10,10,22.5,10,20.9,10,10,12.1,10,10,10,10,10,18.9,37.8,10,22.5,16.5,54.3,21.3,10,10,10,10,10,30.8,70.6,10,13.2,18.8,10,38.7,34.7,64.8,10,233.3,15.2,10,10,41.2,10,10,10,11.8,10,10,36.3,10,10,14.2,15.8,10,365.5,15.2,16.2,10,19.6,21.8,10,10,10,23,58.4,16.7,20,13.2,10,10,11.8,10,25.1,106.7,22.9,10.1,10,10,10,10,11.5,10,10,10,10,11.6,10,72.4,13,94,10,100.5,10,10,10,41.8,39.9,15.2,10,10,10,10,65.8,10,10,10,65.8,49.3,10,0
17.3,64,10,28.4,127.8,16.2,12.5,426.2,247.8,460.7,202,151.7,40.5,68.3,10,53.7,62.8,37.1,16.9,11.3,208.5,15.7,36.4,15.8,30.6,13.3,65.3,48.3,10,10,11.4,56.6,24.6,14.4,10,145.6,88.9,10,88.5,399.5,10,178.4,10,281.1,24.1,67,10,10,161,12.9,10,102.4,27.5,11.7,10,10,514.5,10,78.8,10,253.2,10,30.2,46.8,25.7,10,10,260.4,10,12.7,35.8,12.9,10,229.3,12.1,10,10,10,10,16.6,10,10,21.9,10,10,184.4,10,10,15.6,28.1,11.6,10,10,47.9,15.4,10,10,15.5,22.1,23,10,336.9,10,51.3,10,34.7,97.7,254.8,115.4,105.7,52.7,56.3,17.4,21.6,255.5,67.6,71.6,23.9,10,10,10,56.6,10,38.1,141.9,10,50.3,67,10,126,10,41.5,35.2,44.6,14.9,10,10,134.8,86.1,406.8,10,10,10.8,17.9,10,82.7,10,59,10,10,93.7,10,333.5,14.4,50.1,55.3,39.7,41,53.4,65.8,126.1,107.6,105.4,10,17.2,10,49.7,10,82.8,58.8,20.7,19.6,10,10,10,51.6,37,16.9,25.7,463.5,28.5,18.5,0
10,64.9,10,10,33.3,21.3,15,15.3,20.2,1064,280.1,58.9,14.3,497.5,10,34.4,92.1,10,103.8,18.1,52.1,392.2,47.2,231.9,10,10,44.3,10,10,528.4,11.7,10,10,28.1,54.2,10.3,10,13.9,10,833.4,20.4,274.5,10,186.9,68.4,13.8,33.9,86.2,445.9,162.3,14.8,29.9,10,16.2,70.3,10,10,10,692.2,31.4,149.3,10,18.6,107.6,10,10,10,11.5,241.5,24.3,158.2,16.7,10,350,10,10,10,16.4,14,12.3,10,10,1864.1,10,10,3046.8,36.3,1189,14.4,22.7,10,12.7,11.1,38.8,23.7,10,10,10,35.7,121.3,22.3,325.4,225.5,10,10,23.5,612.2,555.4,10,175.8,14.6,30.1,313.5,201.2,1053.6,10,10,10,10,10,10,160.1,10,17.5,59.4,675.9,40.7,18.6,10,10,10,22.5,96.4,64.2,18.5,10,26.9,18.8,206.9,10.2,11.7,10,565.6,10,10,17.3,14.6,13.5,106.1,11.9,28.1,66.7,56,16.3,10,13.7,10,46.5,17.7,10,588.7,161.3,261.8,10,45.2,10,11.6,54.4,224.9,71.6,220.4,10,10.7,10,26.2,34.5,35.5,10,10,1021.2,41.9,10,0
161.2,59.1,10.7,114.2,86,10.9,10.5,52.3,301.4,903.7,223.3,48.8,290.3,127.2,10,78.5,78.3,10,14.9,13.2,358.6,10,36.3,10,75.3,10,90.3,31.2,10,10,10,45.7,10,28.3,20.6,80.3,39.6,12.3,460.3,318.5,91.3,151.1,10,65.6,17.7,30.6,10,10,107.1,10.6,11.9,35.8,106.9,14,10,10,374.8,10,13.7,10,42.7,10,19.3,31.5,10,10,10,10.2,13,10,49.4,10,10,137.8,11.9,10,10,11.7,10,11.3,10,10,10,10,10,10,10,10,10.6,25.1,10,10,10,22.4,17.4,10,10,31.2,20.2,33.8,15.6,366.9,10,46.5,31.6,28.3,83.8,386.7,169.6,65.3,130.3,39.1,10,10,48.9,43.7,18.8,11.7,10,10,10,53.2,10,57.9,27.8,22.8,22.9,2056.7,22.8,39.1,10,23.2,22.6,17.8,10,10,30.7,484.9,56.6,200.1,10,10,11.4,15.5,10,52.7,10,13.8,10.6,16.9,15.1,10,52.1,10,20.6,21.7,14,11.5,20.4,11.1,65.9,51,93.7,10,20,10,97.9,33,548.9,182.4,21.7,10,10,10,10,120.3,95,10.6,47.8,323.6,10,14.9,1
125,10,121.2,648.5,17.8,125.7,10,10,16.1,10,14.6,12.9,165.7,10,186.7,160.3,10,10,16.6,30.6,10,264.3,10,82.4,97.6,10,14.1,723.2,399.1,21.3,361.3,10,10,192.5,12.6,10,10,55.5,10,15.6,10,10,112.5,15.3,10,553.2,10,14.3,26.7,10,30,10,10,50,17.7,16.3,10,10,10.7,10.7,79.7,40.5,18.6,10,10,124.4,15.5,10,47.7,118.6,10,28.4,75.6,10.4,31.2,10,10,40.7,13,12.3,10,10,10,44.9,40.6,10,10,10,10,17.4,10,30.2,10,55.2,10,10,129.4,139.3,12.8,46.1,10.9,10,63.8,10,31.9,19.8,10,10,10,130.4,65.7,10,10,10,29.8,10,10,126.5,53.3,10,10,10,46.2,17.2,44.2,33,44.5,10,755.9,80.5,10,10,10,10,107.5,26.3,63.3,10,10,10,17.7,10,10,17.5,10,115.9,12.1,31.5,15.3,26.3,17.5,10,48.6,10,18.4,24.6,24.8,41.9,20.3,20.2,10,50.1,10,61.6,21.1,54.4,50.3,40.4,10,125.9,10,27.8,108,30.3,49.6,10,172.7,64.8,103.8,17.9,10,31.4,1
163.4,37.2,13.7,107.9,18.7,1601.4,414.7,10,10,220,10,13.8,297.6,10,280.6,406.4,48.2,10,13.4,14.3,189.5,297.8,34,222.4,349,130.7,39,475.9,13,560,1497.3,12.1,10,32,37.6,10,63.4,668.8,10,138.2,476.1,33.9,65.8,84.4,62.1,730.4,316.6,162.5,26.9,29.3,15.2,10,187.9,82.9,170.1,203.3,10,120.8,17.6,78.2,72.8,256.6,10,23.5,10,238.4,205.6,10,146.2,120.3,16.9,62.4,199.3,198.2,10,61.9,10,19.5,74.5,10,10,368.9,10,247.5,140.6,10,57.3,10,13.1,48.3,10.9,173.2,12.4,193.1,15.4,10,57.3,43.1,28.7,132.8,21.7,21.2,308.8,280,118.4,156.4,25.1,13.9,10,123.8,37.6,18.2,10,10,24.1,10,10,49.9,632.9,10.4,10,10,55.2,107.9,115.3,617,73.5,14.8,41,100.1,15.8,30.9,70.6,10,136.8,55.2,250.9,12.6,10,10,63.3,546.4,11,67.6,10,17.2,105,68.5,185.7,40.7,37.6,78,123.9,10.3,81.3,72.3,53.3,96.2,52.5,75.5,90.6,246.9,14.5,213.5,135.2,116.6,40.3,99.5,10,232.3,10,85.5,133.6,798.4,166.5,10,51.3,197.8,87.4,169.5,15.9,106,1
10,26.7,17.9,110.3,23.5,2148.9,10,26.8,13.7,13,19.7,19.7,48.9,13.1,610,379.7,34.6,10,85.2,18.1,114.2,68.8,15,77.9,66.1,83.2,18.3,26.5,59.1,1061.3,900,332,117.7,48.5,33.4,10,10,1236.4,187.6,151.5,204.9,27,28.7,221.2,32.8,448.4,259,363.3,10.3,10,20.9,10,69,78.7,167.8,104.5,10,286.7,10.2,71.7,10,389.3,13.2,19.3,10,202.4,332.5,10,104.2,56.6,21.3,47.8,156.5,104,10,217.8,43.7,105.9,196.7,445.6,86.8,218.6,10,241,83,10,276.8,10,81.8,10,10.5,114.8,13.6,59.6,10,10,18.2,38.7,75,103.5,364.3,10,90.5,120,50.1,13.8,27.5,10,10,20.9,30.2,10,10,10,11.8,10,10,30.9,226.7,10,71.4,10,36.4,11.7,15.9,653.5,10,14.7,22.4,12.4,1183.4,14,36.8,10,35.8,178.8,71,10,12.2,10,207.4,533.7,10.1,103.4,10,45.9,185.9,11,129.9,10,10,93.8,17.4,10,10,10,10,12.4,10,10,53.6,159.2,10,255.8,235,65,159.3,85.9,118.2,193.8,10,242.7,96.3,56.4,130.2,10,162,106.4,132.1,166,224.6,31.2,1
122.3,136.6,10,10,42.9,34.9,11.3,32.6,17,1093.9,324.2,140,17.1,584.5,10,22.9,192.5,10,139.9,20.5,55.4,557.2,49.6,276.6,13.4,13.1,87.2,15.7,10,842.5,37.8,10,10,29.5,77.7,12,20.3,12.4,10,1461.5,40.3,389.1,10,245.7,99,13.1,32.7,102.5,466.2,221,17.2,51.5,10,30.3,106.7,10,10,12.1,804.7,33.4,178.5,10,38.9,199,10,10,10,15.7,281.6,26.1,265.8,30.2,10.5,1210.2,14.4,10,10,20.9,12.7,10,10,10,2265.9,10,10,2690.3,55.7,1150.5,18.1,26.3,10.7,10,10.7,60.8,25.8,10,10,10,42.4,129.8,19,377.1,109.1,10,15.5,32.6,951,659.2,10,104.2,27.1,51.3,297.5,183.1,1423,15.2,10,10,10,10,14,213.1,14.8,17.1,69.2,796.2,32.1,10,10,52.8,10,21.4,161.5,100.9,32.6,14.1,44.5,23,430.2,10.1,15.4,10,598.7,10,10,27.6,22.5,13.2,129.2,10,17.8,94.6,57.1,22.6,10,19.5,10,49.5,24,26.7,680.4,250.4,581.3,10,57.3,10,10,72.1,126.3,91.2,164.3,10,14.2,15.1,62.7,81.7,40.1,29.1,18.7,1610.3,40.3,10,0
51.7,36.5,10,37.2,543.9,19.6,10,85.2,163,302.4,506,143,31.6,185.2,10,12.1,55.9,22,11,15.9,30.9,10,113.5,134.1,14.2,10,39.2,14.1,10,22.3,10,16.4,10,24.2,10,126.5,40.9,10.6,11.9,122.4,10,66.4,10,29.7,79,11.3,10,10,164.7,85.4,11.6,30.4,10,10,15.2,10,41.9,10,969.4,34.4,14.8,10,35.2,24.6,85.1,10,10,10,10,15.8,27.9,16.4,13.1,137.2,10,10,10,13.6,10,10,10,10,99.2,10,10,38.1,79.6,13.1,13.3,46.3,10,10,12.6,10,30.4,10,10,13.9,15.6,47.8,12.9,32.2,20.1,37.9,10,17.3,62.1,198.5,106.8,63.6,48.4,57.3,107.4,91.5,538.5,64.1,25.7,18.8,10,18.1,10,91.9,10,34,29.6,38.7,21.7,56.8,10,83.5,10,34.5,10,32.3,10,10,12,40.6,57.9,62.3,10,10.1,453.6,10,10,98.9,10,20.8,107.9,10,11.8,46.8,44.1,25.5,10,20.1,18.1,29.2,25.6,12.7,108.9,90.9,224.5,10,24.8,10,10,13.9,16.5,12.7,59.6,10,10,10,10,120.7,13.6,10,12.2,129.5,10,10,0
26.8,10,10,10,155.8,13.7,11.6,413.1,12.4,195.1,44.7,96.9,10,184.4,10,15.4,23.6,10,31.9,10,57.6,645.4,24.8,99.3,10,10,38.7,27.3,10,10,10,10,10,10,10,10,158.8,10,10,46.7,18.4,40.5,10,20.2,87.4,38,76.8,42.3,194.4,43.8,11.6,10,10,35,305.1,10,10,10,360.5,10,240.6,10,10,33,10,10,10,10,81.8,19.7,37.7,25,10.2,45,10,10,10,11.3,10,10,10,10,307.7,10,10,193.9,135.9,71.1,13.4,10,10,10,10.7,10,10,10,10,10,21.5,22.7,15,23.4,25.5,10,10,16,134.5,205.2,10,1897.4,257.2,32.2,102.3,98.4,693.1,10,10,10,10,10,10,59,10,407.3,832.4,21.9,294.6,14.3,10,315,234.9,14.8,10.7,22.6,19.9,14.7,11.8,10,42.6,320.9,10,10,10,18.4,10,28.3,10,263.5,39.9,97.6,181.6,31.7,854.8,10,348.2,184.2,570.3,646.5,422.6,239.3,26.4,20.9,222.5,10,20.3,10,10,12.7,10,19.2,14.2,10,10,10,58.4,53.4,35.4,10,14.4,60.6,10,10,0
10,33.8,10,10,274.7,20.4,14.9,10,37.2,476.7,54.1,29.2,18.3,140.4,24.4,19.9,44.6,10,16,10,10,10,31.5,133,25.5,10,283,12.1,10,10,354.4,10,10,10,97.9,12.3,10,12.1,12.2,108.9,10,35.2,10,10.1,159,12.8,10,129,317.9,144,10.1,10,10,10,240.9,10,14.7,10,480.7,230.6,27.5,10,15.8,29.9,50.8,10,10,2279.8,61.1,25.3,105.5,52.1,13.3,103.7,10,10,10,15.3,10,10.6,10,10,25.1,10,10,10,38.8,10,15.1,19.5,10,10.8,13.7,19.6,14.7,10,10,10,10,10,10,10,274,10,13.2,29.5,215.4,458,21.1,45.2,23.8,19.4,139.8,164.1,940.4,10.5,11,10,10,10,10,149.7,10,10,34.7,18.9,34.6,21.7,10,37.5,10,10.2,12.1,10,10,28.7,10.9,26.8,45.8,55.8,10,10,318.3,13.5,10,29.7,10,10,18.2,15.5,21.3,10.5,23.3,10,10,10.9,18.3,42.5,16.1,10,61,41.7,12.4,10,20.5,10,10,10,10,70.6,17.1,10,15.2,10,72.2,10,10,18.9,10.6,160.7,10,10,0
20.5,31.5,12.7,112.4,1269.4,207,10,468.3,192.8,691,140.9,213.7,38.3,325.3,11.9,38.2,36.6,72.8,17.2,305.5,28.8,10,16.1,302.1,42.6,10,10.9,24.2,10,995.9,167.8,34.5,10,43,19.4,37.2,36,10,252.7,27.5,70,74.5,24.9,10,13,17.5,217.1,22.7,97,67.4,10,32.1,19,26.2,11.2,10,29.1,10,76.1,16.5,32.2,10,15.7,35.7,10,10,10,10,90.7,67.2,81.4,10,10,69.8,10,10,10,89.3,10,10,10,10,45.5,10,10,146.6,46.9,11,10,34.6,10,10,10,12.9,18.6,10,10,33.2,10,13.3,12.5,364.1,104.7,36.1,10,37.2,924.7,192,230.3,61.5,61.6,106,20.6,18.9,151.7,49.6,28.5,89.8,10,18.4,10,75.5,10,31.2,184.4,620,35.2,190.1,25.6,100.7,10,57.9,12.3,33.8,10,10,10,39.8,31.8,193.7,10,54,10,24.5,10,74.4,10,22.2,78.1,10,21.3,47.1,77.2,18.9,10,24.1,18.7,42.4,17.2,27.1,30.8,108.8,29.6,10,25.5,10,10,17,46.8,88.1,36.2,12,10,10,101.6,33.7,14,10,16.8,28.7,10,10,0
10,10,10,16,133.3,10,10,10,95.4,812.9,55.7,51,790.7,396.3,10,14.7,58.1,10,10,16.1,10,103,24.2,15.2,56.5,10,70.1,10,95.9,14.4,10,76.1,10,21.9,10,10,10,10,145,508.9,220.2,96.6,10,10,10,67.1,10,10,128.3,10,10,773,718.8,14.6,10,10,724.9,10,17.1,15.3,39.2,10,16.3,87.9,26.9,10,10,10,10,10,69.4,12.7,10,66.9,10,10,10,10,10.4,10,10,10,10,10,10,10,10,10,10,12.3,10.1,10,10,10,10,10,10,10,12.4,34.7,10,10,10,10,51.3,10,789.4,34.3,2470.7,401.4,66.6,13.2,20.8,10,40.4,10,10,10,10,10,10,17.6,10,68,118.6,28,25.3,458.6,25.2,26.1,10,34.5,19.2,18.1,10,10,16.7,2090.3,63.4,57.8,10,10,10,11.4,10,17.2,28.9,59.9,10,16.6,17.9,10,120.9,10,15.4,32.7,59.3,98.9,31.9,44.5,382.6,71.4,51.9,10,25,10,30.7,10,192.3,106.7,40.5,10,10,10,10,22.3,65.5,16.5,11.3,593.6,14.9,10,0
20.7,10.7,13.8,135.1,30.3,2332.6,15.1,17.7,13.3,155.6,25.9,10,48.5,10.5,687.9,54,10,10,118.8,1977.6,88.7,58.1,10,501.4,112.1,295,42.2,62.3,80.4,1486.7,1562.8,198.6,49.6,38,81,10,26.3,1301.4,730.6,14.8,578.1,10,49.8,10,85.7,65.8,134.4,768.4,40.2,39.8,1179.4,10,54,205.6,947.1,126.7,25.7,317.3,10,21.1,19.9,120.3,10,10,10,50.9,194.7,10,261.2,156,10,48.9,269.3,10,36,150.9,121.6,367.9,157.4,36.6,47.7,230.5,10,201.6,211.8,11.5,20.1,10,67.1,17.4,518.8,177.2,1684.9,100.9,16.5,344.5,72.2,21.6,17.4,139.7,176.4,10,355.5,135.5,55.3,211,52.6,12.2,10,368,10,10,10,10,20.7,12.5,10,70.6,399.8,10,1305.6,10,34.8,61.1,104.9,717.7,55.7,19.7,963.7,278.5,1102.4,15.9,102.9,10,43.9,151,130.1,50.5,10,29.7,277.9,849.8,10,252.3,10.8,147.8,140.8,43.1,116.3,23.9,43.4,75.1,105.1,13.3,40.2,71.2,40,125.7,44.1,46.1,10,65.2,10,170.3,335.4,90.2,122.2,374,10.6,190,12.6,113.4,88.4,173.4,162.8,10,480.9,133.7,172,17.9,94.7,48.8,1
106.6,106.7,10,11.9,30.4,2089.2,321.4,10,144.3,17.6,16.3,127,48.2,111.1,519.6,88,143.9,185.3,56.9,35.3,66.4,24.9,10,220.8,100.7,68.2,11.1,120.2,10,479.4,755.5,211.4,71.4,39.1,43.6,663.3,34.9,522.3,189.7,79.9,319.1,145.4,21.1,10,10,10,15.2,76.3,14.6,10,14.3,10,13.4,64.8,22.3,154.7,10,65.1,13,82.2,10,111,26.1,18.3,10,10,109.8,10,52.2,112.9,205.1,34.7,48.4,79.5,10,18.6,12.4,16.9,103.3,253.7,75,62.2,10,44.2,84.7,10,164.8,10,44.5,17.2,24,32.7,52.9,70.4,12.4,32,25.6,10,124.1,60.5,128.1,10,48.5,115.9,71.6,18.7,37.1,21.6,10,14,73.4,185.5,10,10,26.1,229.6,146.2,65.2,294.3,10,21,10,29.3,10,10,487.9,10,13.4,28.9,21.6,763.5,97.2,60.1,21.5,67.8,121.9,115.5,27.2,33.7,10,151.2,235.4,15.7,58.3,10,238.6,82.7,10,135.7,10,10,86.2,10,10,10,10,10,12.8,10,10,36.4,62.8,11.5,154.6,104,141.9,66.1,53.3,91.7,212.8,22.7,128.8,76.9,32.8,30.1,10.1,39,65.5,88.1,95.9,108.6,118.7,1
64.2,10,10,105.6,59.8,1436.4,213.2,10,10.4,10,10,11,50.5,10,291.1,62.9,10,10,54.4,887.3,40.4,124.2,12.2,181.8,127.4,187.5,14.1,404.5,23.2,308.8,782.2,65.8,11,22.6,16.8,10,16.3,1122.6,71.6,22,85.9,10.3,64.4,92.4,62.7,172.9,226.9,344.5,13.5,30.1,515.1,10,10,113.7,112.5,138.5,10,65.4,10,67.9,89.5,90.9,10,10,12.6,12.3,113.3,10,122.5,85.5,10,52.5,197.3,12.3,103.7,94.8,468.7,732.5,120.3,97.7,22.2,93.5,10,44.1,106.9,10,13.5,10,101.2,18.1,715,40.1,14.3,82.9,17.5,10,13.5,31.9,106.6,37.5,224.4,10,229.6,134.8,29,346.4,10,18.7,10,526.4,82.8,17.6,10,10,21.6,37.6,18.3,19.6,229.6,10,913.3,10,48.8,460,547.6,219.5,259.4,10,424,296.9,449,36.4,58.8,24,78.8,262.2,121.1,10,13.5,10,98.1,835.5,10,72.7,410.2,47.3,41.5,315.7,64.4,184.9,248.9,45.1,514.3,10.8,193.5,329.2,133.1,401.6,126.5,336.4,10,115.6,10.2,79.6,47.7,87.6,61.8,133,10,93.4,20.5,55.9,47.9,77.5,45,10,353.4,65.6,83.4,17.5,48.5,55.5,1
186.7,20.5,10,10,10,685.3,10,10,19.6,10,14.1,10,461.3,118.5,532.2,1484.4,23.1,10,40.5,81.3,221.1,324.1,11.8,12.8,111,35.6,10,27.9,213.5,253,1555.7,203,49.2,15.3,72.9,12.2,26.4,931.7,31.6,27.1,380.3,23.4,193.8,764,10,308.9,10,47.5,36.2,68.2,90.3,10,43.8,189.9,608.1,136,130.4,159.7,19.5,42.7,313.9,11.6,10,10,10,1887.2,93.1,10,104.4,96.7,10,59.5,31.5,68.2,10.7,10,48.4,74.4,43.2,14.2,293.5,84.5,10,107.4,51.2,10,20.2,10,37.7,11.2,10,88.7,12.8,214.3,12.4,10,553,10,19,27,14,52,268,23.2,137.9,82.2,10,15.8,10,32.8,156.5,10,10,10,39.9,10.6,10,188.8,264.9,10,12.7,10,26.1,26.5,34.1,267.6,35,13.2,32.8,31.3,10,25.1,106,10,101.1,99.7,57.2,10,12.2,10,10,99.8,10,150.4,10,487.5,24.2,20.8,10,10,20.9,10,55,10,10,25.3,13.2,25.8,24.4,22.3,28.9,65.5,28.2,447.5,107.3,468.2,54.1,52.2,24.5,476.3,17.5,26.6,81.3,192,23.6,10,122.5,72.7,280,38.8,127.7,282.1,1
